model,primary_error,groups,rows,bias,worst_group_mae,units
baseline-affine,0.10342451484086071,2,2400,0.07561625160334659,0.14508293837775,N
baseline-gain,0.1363226262122021,2,2400,0.11030858785905623,0.20373510954009486,N
baseline-identity,0.261975,2,2400,-0.2619458333333333,0.2679,N
baseline-kernel,0.08281894835270726,2,2400,0.03196141004125302,0.10089039491276137,N
baseline-mean,0.21966654662697543,2,2400,-0.20223452380951257,0.3089553452380841,N
cycle-001-finite-buildup,0.09264300440460846,2,2400,0.06275901553765753,0.12398810624938107,N
cycle-002-packing-additives,0.11881160702156301,2,2400,0.0822654935859055,0.1778044956237889,N
cycle-003-shape-memory,0.10042043525932265,2,2400,0.0709396009392955,0.12758184020135216,N
cycle-004-water-rebuild,0.07286008615014317,2,2400,0.024192855322190957,0.08542129877136853,N
cycle-005-clock-build,0.08932227300646113,2,2400,0.05653965295339922,0.11807665365374871,N
cycle-006-shape-water,0.0935688903829117,2,2400,0.05953470815192436,0.11639938400642788,N
cycle-007-parsimonious-gain,0.1363226262122021,2,2400,0.11030858785905623,0.20373510954009486,N
