cycle,kind,development_mae_N,parameters
baseline-affine,affine,0.0944215793502529,2
baseline-gain,gain,0.08494903359756396,1
baseline-identity,identity,0.2479,0
baseline-kernel,kernel,0.13936097872765307,57
baseline-mean,mean,0.1678803095238139,1
cycle-001-finite-buildup,finite_buildup,0.09716296937804628,3
cycle-002-packing-additives,packing_additive,0.1313873035767034,5
cycle-003-shape-memory,shape_memory,0.09180066866553262,3
cycle-004-water-rebuild,water_rebuild,0.09993815726735943,3
cycle-005-clock-build,clock_build,0.09637514899485256,3
cycle-006-shape-water,shape_water,0.09275810838976153,4
cycle-007-parsimonious-gain,gain,0.08494903359756396,1
