group,sp_fraction,vma_fraction,binder_kg_m3,sp_kg_m3,vma_kg_m3,anchor
0.5_0.25,0.008,0.00056,1060.4696520633488,8.48375721650679,0.5938630051554753,"08.2025_mixes_strength-results.xlsx:Mix Design&Proportioning:row69:cols27,30,33,34"
0.5_0.30,0.0025,0.00056,1007.0712283089582,2.5176780707723956,0.5639598878530165,"08.2025_mixes_strength-results.xlsx:Mix Design&Proportioning:row70:cols27,30,33,34"
0.5_0.35,0.0,0.0007499999999999999,958.7926059410291,0.0,0.7190944544557718,"08.2025_mixes_strength-results.xlsx:Mix Design&Proportioning:row71:cols27,30,33,34"
0.7_0.25,0.01,0.0007999999999999999,941.721035527566,9.41721035527566,0.7533768284220527,"08.2025_mixes_strength-results.xlsx:Mix Design&Proportioning:row72:cols27,30,33,34"
0.7_0.30,0.005,0.0007999999999999998,899.3731068520482,4.496865534260241,0.7194984854816384,"08.2025_mixes_strength-results.xlsx:Mix Design&Proportioning:row73:cols27,30,33,34"
0.7_0.35,0.0,0.00044999999999999993,860.6699370874247,0.0,0.3873014716893411,"08.2025_mixes_strength-results.xlsx:Mix Design&Proportioning:row74:cols27,30,33,34"
1.0_0.25,0.017504835589941977,0.0008994197292069632,806.2914291096004,14.11399890414291,0.7251944188316521,"08.2025_mixes_strength-results.xlsx:Mix Design&Proportioning:row75:cols27,30,33,34"
1.0_0.30,0.01,0.0008999999999999999,775.045790218565,7.75045790218565,0.6975412111967084,"08.2025_mixes_strength-results.xlsx:Mix Design&Proportioning:row76:cols27,30,33,34"
1.0_0.35,0.005,0.0008999999999999999,746.131486827795,3.730657434138975,0.6715183381450154,"08.2025_mixes_strength-results.xlsx:Mix Design&Proportioning:row77:cols27,30,33,34"
