model,primary_error,mean_group_absolute_error,groups,scored_rows,assigned_rows,primary_units,mean_group_bias
reference,0.1363226262122021,0.1363226262122021,2,2400,2400,N,0.11030858785905624
scientific_candidate,0.10042043525932268,0.10042043525932268,2,2400,2400,N,0.07093960093929552
baseline_affine,0.10342451484086071,0.10342451484086071,2,2400,2400,N,0.07561625160334659
baseline_gain,0.1363226262122021,0.1363226262122021,2,2400,2400,N,0.11030858785905624
baseline_identity,0.261975,0.261975,2,2400,2400,N,-0.2619458333333333
baseline_kernel,0.08281894835270699,0.08281894835270699,2,2400,2400,N,0.031961410041237814
baseline_mean,0.21966654662697543,0.21966654662697543,2,2400,2400,N,-0.20223452380951257
cycle_001_finite_buildup,0.09264300440460846,0.09264300440460846,2,2400,2400,N,0.06275901553765753
cycle_002_packing_additives,0.11881160702156328,0.11881160702156328,2,2400,2400,N,0.0822654935858998
cycle_003_shape_memory,0.10042043525932268,0.10042043525932268,2,2400,2400,N,0.07093960093929552
cycle_004_water_rebuild,0.07286008615014317,0.07286008615014317,2,2400,2400,N,0.024192855322190964
cycle_005_clock_build,0.08932227300646112,0.08932227300646112,2,2400,2400,N,0.05653965295339923
cycle_006_shape_water,0.09356889038291173,0.09356889038291173,2,2400,2400,N,0.05953470815192441
cycle_007_parsimonious_gain,0.1363226262122021,0.1363226262122021,2,2400,2400,N,0.11030858785905624
