group,replicate,strain_threshold,force_N,actual_strain,height_mm,anchor
0.5_0.30,1,0.1,5.97,0.10020703933747412,19.32,Queeze flow_Stress-strain:row153:forcecol10:defcol13
0.5_0.30,1,0.2,20.67,0.2193064182194617,19.32,Queeze flow_Stress-strain:row548:forcecol10:defcol13
0.5_0.30,2,0.1,27.75,0.15142543859649127,18.24,Queeze flow_Stress-strain:row729:forcecol11:defcol14
0.5_0.35,1,0.1,5.46,0.10087431693989071,18.3,Queeze flow_Stress-strain:row142:forcecol16:defcol19
0.5_0.35,1,0.2,8.89,0.20021857923497266,18.3,Queeze flow_Stress-strain:row231:forcecol16:defcol19
0.5_0.35,2,0.1,8.93,0.10088495575221244,16.95,Queeze flow_Stress-strain:row231:forcecol17:defcol20
0.5_0.35,2,0.2,11.65,0.20047197640117992,16.95,Queeze flow_Stress-strain:row301:forcecol17:defcol20
0.7_0.25,1,0.1,6.31,0.10020491803278686,19.52,Queeze flow_Stress-strain:row161:forcecol22:defcol25
0.7_0.30,1,0.1,15.08,0.1454815695600475,16.82,Queeze flow_Stress-strain:row432:forcecol28:defcol31
0.7_0.30,1,0.2,15.59,0.31278240190249695,16.82,Queeze flow_Stress-strain:row433:forcecol28:defcol31
0.7_0.30,2,0.1,18.03,0.12567335243553018,17.45,Queeze flow_Stress-strain:row471:forcecol29:defcol32
0.7_0.30,2,0.2,18.15,0.3348997134670488,17.45,Queeze flow_Stress-strain:row473:forcecol29:defcol32
0.7_0.35,1,0.1,9.09,0.10032502708559028,18.46,Queeze flow_Stress-strain:row233:forcecol34:defcol37
0.7_0.35,1,0.2,13.89,0.2008125677139761,18.46,Queeze flow_Stress-strain:row355:forcecol34:defcol37
0.7_0.35,2,0.1,13.39,0.10039863325740309,17.56,Queeze flow_Stress-strain:row339:forcecol35:defcol38
0.7_0.35,2,0.2,27.79,0.20005694760820036,17.56,Queeze flow_Stress-strain:row697:forcecol35:defcol38
