group,strain_threshold,available_replicates,both_replicates_available,maximum_relative_overshoot,squeeze_mean_force_N,aged_mean_force_N,claim
0.5_0.25,0.1,0,False,,,0.9770666666666666,Descriptive response availability; no cross-instrument physical law admission
0.5_0.35,0.1,2,True,0.008849557522123963,7.195,0.48255833333333326,Descriptive response availability; no cross-instrument physical law admission
0.7_0.25,0.1,1,False,0.0020491803278679943,,0.6505333333333334,Descriptive response availability; no cross-instrument physical law admission
0.7_0.35,0.1,2,True,0.0039863325740299715,11.24,0.528575,Descriptive response availability; no cross-instrument physical law admission
1.0_0.25,0.1,0,False,,,0.5502166666666667,Descriptive response availability; no cross-instrument physical law admission
1.0_0.30,0.1,0,False,,,0.38423333333333337,Descriptive response availability; no cross-instrument physical law admission
1.0_0.35,0.1,0,False,,,0.4955583333333334,Descriptive response availability; no cross-instrument physical law admission
0.5_0.25,0.2,0,False,,,0.9770666666666666,Descriptive response availability; no cross-instrument physical law admission
0.5_0.35,0.2,2,True,0.0023598820058993997,10.27,0.48255833333333326,Descriptive response availability; no cross-instrument physical law admission
0.7_0.25,0.2,0,False,,,0.6505333333333334,Descriptive response availability; no cross-instrument physical law admission
0.7_0.35,0.2,2,True,0.004062838569880434,20.84,0.528575,Descriptive response availability; no cross-instrument physical law admission
1.0_0.25,0.2,0,False,,,0.5502166666666667,Descriptive response availability; no cross-instrument physical law admission
1.0_0.30,0.2,0,False,,,0.38423333333333337,Descriptive response availability; no cross-instrument physical law admission
1.0_0.35,0.2,0,False,,,0.4955583333333334,Descriptive response availability; no cross-instrument physical law admission
