group,target,absolute_error,squared_error,signed_error,log_error,primary_error,rmse,scored_rows,model
T70,1865.3116783333332,193.62079157138726,274825.51626168104,151.3734941706532,0.3176341223009782,0.3176341223009782,524.2380339709063,18,reference
T80,109.18165529411763,39.617544374735466,6068.243363716152,7.5707908234915315,0.49128882846104205,0.49128882846104205,77.89893044012962,17,reference
T70,1865.3116783333332,193.62079157138726,274825.51626168104,151.3734941706532,0.3176341223009782,0.3176341223009782,524.2380339709063,18,mechanistic_reference
T80,109.18165529411763,39.617544374735466,6068.243363716152,7.5707908234915315,0.49128882846104205,0.49128882846104205,77.89893044012962,17,mechanistic_reference
T70,1865.3116783333332,1600.4324424260094,12456438.014595915,-1599.8254706050666,1.15397073024878,1.15397073024878,3529.367934148537,18,attempt_001
T80,109.18165529411763,102.50267249322876,69847.5787522658,-101.33722154414241,1.5331438284218448,1.5331438284218448,264.2869250497758,17,attempt_001
T70,1865.3116783333332,140.85518451787757,87560.3935906428,-2.1154437959462387,0.3336112731413767,0.3336112731413767,295.90605534635955,18,attempt_002
T80,109.18165529411763,41.63268381812383,7227.700682041298,5.267259141234715,0.49832851496168634,0.49832851496168634,85.01588488065802,17,attempt_002
T70,1865.3116783333332,140.8554248340332,87560.68876637856,-2.115509577940767,0.333611287327036,0.333611287327036,295.9065541118996,18,attempt_003
T80,109.18165529411763,41.6326468004884,7227.711073713259,5.267147453729485,0.4983247716980831,0.4983247716980831,85.01594599669676,17,attempt_003
T70,1865.3116783333332,454.81754188257247,877087.8957368985,-449.5166543831863,0.3662001323518963,0.3662001323518963,936.5297089451559,18,attempt_004
T80,109.18165529411763,74.18713905962368,41745.894185831145,-73.10776463518499,0.7043963632178906,0.7043963632178906,204.3181200623947,17,attempt_004
T70,1865.3116783333332,193.62150040243452,274827.8167345622,151.37360532763336,0.31763408414189676,0.31763408414189676,524.2402280773216,18,attempt_005
T80,109.18165529411763,39.617429375780986,6068.263458886843,7.570450851327813,0.49127693458927696,0.49127693458927696,77.89905942235018,17,attempt_005
T70,1865.3116783333332,193.62149816032883,274827.80945790076,151.37360497602458,0.31763408426300177,0.31763408426300177,524.2402211371241,18,attempt_006
T80,109.18165529411763,39.61742973954775,6068.263395322315,7.570451926700407,0.49127697221498856,0.49127697221498856,77.89905901435726,17,attempt_006
T70,1865.3116783333332,193.62150040243452,274827.8167345622,151.37360532763336,0.31763408414189676,0.31763408414189676,524.2402280773216,18,attempt_007
T80,109.18165529411763,39.617429375780986,6068.263458886843,7.570450851327813,0.49127693458927696,0.49127693458927696,77.89905942235018,17,attempt_007
T70,1865.3116783333332,2834383.0987706846,8033739492363.402,2834383.0987706846,9.686766093386248,9.686766093386248,2834385.2053599562,18,baseline_mean
T80,109.18165529411763,2836139.2287937235,8043685790732.251,2836139.2287937235,12.045186009279549,12.045186009279549,2836139.2403639583,17,baseline_mean
T70,1865.3116783333332,1797.5457855038603,14772074.581100293,-1794.9474788915734,1.7570632633872287,1.7570632633872287,3843.4456651682085,18,baseline_domain
T80,109.18165529411763,99.24776346296099,69272.76255536919,-98.33352934843266,1.3183668899401781,1.3183668899401781,263.1971932893077,17,baseline_domain
T70,1865.3116783333332,1141.842597456211,5643055.921955428,-119.1378842962892,1.0883605911453273,1.0883605911453273,2375.511717915832,18,baseline_rbf
T80,109.18165529411763,283.0934565013524,404315.6025377917,283.0934565013524,1.4985383236817673,1.4985383236817673,635.8581622797585,17,baseline_rbf
T70,1865.3116783333332,193.62079157138726,274825.51626168104,151.3734941706532,0.3176341223009782,0.3176341223009782,524.2380339709063,18,attempt_008
T80,109.18165529411763,39.617544374735466,6068.243363716152,7.5707908234915315,0.49128882846104205,0.49128882846104205,77.89893044012962,17,attempt_008
T70,1865.3116783333332,193.62149816032877,274827.8094579007,151.37360497602455,0.3176340842630019,0.3176340842630019,524.2402211371241,18,attempt_009
T80,109.18165529411763,39.61742973954775,6068.263395322312,7.570451926700417,0.49127697221498856,0.49127697221498856,77.89905901435723,17,attempt_009
