model,primary_units,primary_error,mean_group_absolute_error,worst_group_error,groups,scored_rows,assigned_rows
reference,natural-log dollars offset1USD,4.275538145138288,4.275538145138288,12.868983115518942,94,224,224
constant,natural-log dollars offset1USD,5.439115258503035,5.439115258503035,7.487723262456574,94,224,224
domain,natural-log dollars offset1USD,5.0280895193579545,5.0280895193579545,15.147594132205093,94,224,224
flexible,natural-log dollars offset1USD,4.2439494094981995,4.2439494094981995,9.299376769177782,94,224,224
attempt_001,natural-log dollars offset1USD,4.616651681398367,4.616651681398367,12.209157155189468,94,224,224
attempt_002,natural-log dollars offset1USD,4.562737039045222,4.562737039045222,11.314046059888701,94,224,224
attempt_003,natural-log dollars offset1USD,4.422551298221729,4.422551298221729,10.978937407613815,94,224,224
attempt_004,natural-log dollars offset1USD,4.237497946595714,4.237497946595714,11.953996018067567,94,224,224
attempt_005,natural-log dollars offset1USD,4.275538145138288,4.275538145138288,12.868983115518942,94,224,224
attempt_006,natural-log dollars offset1USD,4.418005811889687,4.418005811889687,12.721207340900914,94,224,224
