sample_id,group,modality,series,frame,rows,columns,echo_time_ms,repetition_time_ms,series_description,view,source_anchor
1.3.6.1.4.1.14519.5.2.1.1620.1225.374482334792364078094467016989,EA1141-1004399,MG,1.3.6.1.4.1.14519.5.2.1.1620.1225.118330849799489129360385109830,1.3.6.1.4.1.14519.5.2.1.1620.1225.317074573684353355151861073464,4096,3328,,,L CC,CC,08_medical_imaging_tcia_ea1141/raw/MG_1.3.6.1.4.1.14519.5.2.1.1620.1225.118330849799489129360385109830/f9d3cf2d-7930-4423-896c-7d51dcd36a0b.dcm
1.3.6.1.4.1.14519.5.2.1.1620.1225.611860407776843188737049772126,EA1141-1004399,MR,1.3.6.1.4.1.14519.5.2.1.1620.1225.258654674967444881519890820495,1.3.6.1.4.1.14519.5.2.1.1620.1225.160160746552835305604878442897,480,480,70.0,4271.85888671875,T2 FS AX,,08_medical_imaging_tcia_ea1141/raw/MR_1.3.6.1.4.1.14519.5.2.1.1620.1225.258654674967444881519890820495/060fae75-c189-42b9-85b6-93e64a8be0f4.dcm
1.3.6.1.4.1.14519.5.2.1.1620.1225.150009072477156641604677291553,EA1141-1004399,MR,1.3.6.1.4.1.14519.5.2.1.1620.1225.258654674967444881519890820495,1.3.6.1.4.1.14519.5.2.1.1620.1225.160160746552835305604878442897,480,480,70.0,4271.85888671875,T2 FS AX,,08_medical_imaging_tcia_ea1141/raw/MR_1.3.6.1.4.1.14519.5.2.1.1620.1225.258654674967444881519890820495/0a63d038-e58f-4763-b3cf-4c7e5b7fa716.dcm
1.3.6.1.4.1.14519.5.2.1.1620.1225.249900305901875763653074382863,EA1141-1004399,MR,1.3.6.1.4.1.14519.5.2.1.1620.1225.258654674967444881519890820495,1.3.6.1.4.1.14519.5.2.1.1620.1225.160160746552835305604878442897,480,480,70.0,4271.85888671875,T2 FS AX,,08_medical_imaging_tcia_ea1141/raw/MR_1.3.6.1.4.1.14519.5.2.1.1620.1225.258654674967444881519890820495/163e8977-8a63-47a7-95bf-92c5febe7915.dcm
1.3.6.1.4.1.14519.5.2.1.1620.1225.837669354863254381789312830600,EA1141-1004399,MR,1.3.6.1.4.1.14519.5.2.1.1620.1225.258654674967444881519890820495,1.3.6.1.4.1.14519.5.2.1.1620.1225.160160746552835305604878442897,480,480,70.0,4271.85888671875,T2 FS AX,,08_medical_imaging_tcia_ea1141/raw/MR_1.3.6.1.4.1.14519.5.2.1.1620.1225.258654674967444881519890820495/1709e648-a70b-435c-9cb8-abc84b0fe64e.dcm
1.3.6.1.4.1.14519.5.2.1.1620.1225.120479824944877019248445894168,EA1141-1004399,MR,1.3.6.1.4.1.14519.5.2.1.1620.1225.258654674967444881519890820495,1.3.6.1.4.1.14519.5.2.1.1620.1225.160160746552835305604878442897,480,480,70.0,4271.85888671875,T2 FS AX,,08_medical_imaging_tcia_ea1141/raw/MR_1.3.6.1.4.1.14519.5.2.1.1620.1225.258654674967444881519890820495/18b0b5b1-5ff0-440f-9bbe-1f8f08a6e4d4.dcm
1.3.6.1.4.1.14519.5.2.1.1620.1225.279165385860477720245059781721,EA1141-1004399,MR,1.3.6.1.4.1.14519.5.2.1.1620.1225.258654674967444881519890820495,1.3.6.1.4.1.14519.5.2.1.1620.1225.160160746552835305604878442897,480,480,70.0,4271.85888671875,T2 FS AX,,08_medical_imaging_tcia_ea1141/raw/MR_1.3.6.1.4.1.14519.5.2.1.1620.1225.258654674967444881519890820495/19527d46-e97b-4b32-937c-d9646d831b2a.dcm
1.3.6.1.4.1.14519.5.2.1.1620.1225.313333041677667136622964481517,EA1141-1004399,MR,1.3.6.1.4.1.14519.5.2.1.1620.1225.258654674967444881519890820495,1.3.6.1.4.1.14519.5.2.1.1620.1225.160160746552835305604878442897,480,480,70.0,4271.85888671875,T2 FS AX,,08_medical_imaging_tcia_ea1141/raw/MR_1.3.6.1.4.1.14519.5.2.1.1620.1225.258654674967444881519890820495/19f6132a-fcc4-499a-a8bb-2f6acfac7fde.dcm
1.3.6.1.4.1.14519.5.2.1.1620.1225.842784797626099446540436408982,EA1141-1004399,MR,1.3.6.1.4.1.14519.5.2.1.1620.1225.258654674967444881519890820495,1.3.6.1.4.1.14519.5.2.1.1620.1225.160160746552835305604878442897,480,480,70.0,4271.85888671875,T2 FS AX,,08_medical_imaging_tcia_ea1141/raw/MR_1.3.6.1.4.1.14519.5.2.1.1620.1225.258654674967444881519890820495/1b37ddd2-54b9-4058-a915-00c27da93136.dcm
1.3.6.1.4.1.14519.5.2.1.1620.1225.238791476971540684552077421919,EA1141-1004399,MR,1.3.6.1.4.1.14519.5.2.1.1620.1225.258654674967444881519890820495,1.3.6.1.4.1.14519.5.2.1.1620.1225.160160746552835305604878442897,480,480,70.0,4271.85888671875,T2 FS AX,,08_medical_imaging_tcia_ea1141/raw/MR_1.3.6.1.4.1.14519.5.2.1.1620.1225.258654674967444881519890820495/1c6a720a-dd65-4f71-8648-67bec4b93995.dcm
1.3.6.1.4.1.14519.5.2.1.1620.1225.193165267355153394909443451880,EA1141-1004399,MR,1.3.6.1.4.1.14519.5.2.1.1620.1225.258654674967444881519890820495,1.3.6.1.4.1.14519.5.2.1.1620.1225.160160746552835305604878442897,480,480,70.0,4271.85888671875,T2 FS AX,,08_medical_imaging_tcia_ea1141/raw/MR_1.3.6.1.4.1.14519.5.2.1.1620.1225.258654674967444881519890820495/1eccd6eb-92bc-45ea-8ad1-c1fb1b3bbec8.dcm
1.3.6.1.4.1.14519.5.2.1.1620.1225.102724290737719805800008282945,EA1141-1004399,MR,1.3.6.1.4.1.14519.5.2.1.1620.1225.258654674967444881519890820495,1.3.6.1.4.1.14519.5.2.1.1620.1225.160160746552835305604878442897,480,480,70.0,4271.85888671875,T2 FS AX,,08_medical_imaging_tcia_ea1141/raw/MR_1.3.6.1.4.1.14519.5.2.1.1620.1225.258654674967444881519890820495/208f2bc3-818f-497c-9e43-f6114b65f399.dcm
1.3.6.1.4.1.14519.5.2.1.1620.1225.145715727957916801142046507267,EA1141-1004399,MR,1.3.6.1.4.1.14519.5.2.1.1620.1225.258654674967444881519890820495,1.3.6.1.4.1.14519.5.2.1.1620.1225.160160746552835305604878442897,480,480,70.0,4271.85888671875,T2 FS AX,,08_medical_imaging_tcia_ea1141/raw/MR_1.3.6.1.4.1.14519.5.2.1.1620.1225.258654674967444881519890820495/25b5bf38-bafa-46a2-8b75-f104d729e68a.dcm
1.3.6.1.4.1.14519.5.2.1.1620.1225.287891953244019779494244834609,EA1141-1004399,MR,1.3.6.1.4.1.14519.5.2.1.1620.1225.258654674967444881519890820495,1.3.6.1.4.1.14519.5.2.1.1620.1225.160160746552835305604878442897,480,480,70.0,4271.85888671875,T2 FS AX,,08_medical_imaging_tcia_ea1141/raw/MR_1.3.6.1.4.1.14519.5.2.1.1620.1225.258654674967444881519890820495/2a0b85bf-4444-4b0a-8ce1-5aa24a7503ad.dcm
1.3.6.1.4.1.14519.5.2.1.1620.1225.367990677392083151825191158141,EA1141-1004399,MR,1.3.6.1.4.1.14519.5.2.1.1620.1225.258654674967444881519890820495,1.3.6.1.4.1.14519.5.2.1.1620.1225.160160746552835305604878442897,480,480,70.0,4271.85888671875,T2 FS AX,,08_medical_imaging_tcia_ea1141/raw/MR_1.3.6.1.4.1.14519.5.2.1.1620.1225.258654674967444881519890820495/2a6a5b9f-e7e3-42bf-95a9-04ca6c5e10d9.dcm
1.3.6.1.4.1.14519.5.2.1.1620.1225.216754548347203503486026226879,EA1141-1004399,MR,1.3.6.1.4.1.14519.5.2.1.1620.1225.258654674967444881519890820495,1.3.6.1.4.1.14519.5.2.1.1620.1225.160160746552835305604878442897,480,480,70.0,4271.85888671875,T2 FS AX,,08_medical_imaging_tcia_ea1141/raw/MR_1.3.6.1.4.1.14519.5.2.1.1620.1225.258654674967444881519890820495/2dfedaf3-2230-4d22-ac51-2c435eba7d36.dcm
1.3.6.1.4.1.14519.5.2.1.1620.1225.316420486126648482409520899599,EA1141-1004399,MR,1.3.6.1.4.1.14519.5.2.1.1620.1225.258654674967444881519890820495,1.3.6.1.4.1.14519.5.2.1.1620.1225.160160746552835305604878442897,480,480,70.0,4271.85888671875,T2 FS AX,,08_medical_imaging_tcia_ea1141/raw/MR_1.3.6.1.4.1.14519.5.2.1.1620.1225.258654674967444881519890820495/2e1e9394-9bdb-44fb-85b6-add86b85b5f6.dcm
1.3.6.1.4.1.14519.5.2.1.1620.1225.190026994126985267235187470640,EA1141-1004399,MR,1.3.6.1.4.1.14519.5.2.1.1620.1225.258654674967444881519890820495,1.3.6.1.4.1.14519.5.2.1.1620.1225.160160746552835305604878442897,480,480,70.0,4271.85888671875,T2 FS AX,,08_medical_imaging_tcia_ea1141/raw/MR_1.3.6.1.4.1.14519.5.2.1.1620.1225.258654674967444881519890820495/37b0f5e9-2430-4022-9562-6992ddccddc2.dcm
1.3.6.1.4.1.14519.5.2.1.1620.1225.849406646932436563696427202674,EA1141-1004399,MR,1.3.6.1.4.1.14519.5.2.1.1620.1225.258654674967444881519890820495,1.3.6.1.4.1.14519.5.2.1.1620.1225.160160746552835305604878442897,480,480,70.0,4271.85888671875,T2 FS AX,,08_medical_imaging_tcia_ea1141/raw/MR_1.3.6.1.4.1.14519.5.2.1.1620.1225.258654674967444881519890820495/3b1768a2-366a-4645-b9a8-af315a2c96c7.dcm
1.3.6.1.4.1.14519.5.2.1.1620.1225.115312237451860732215858875608,EA1141-1004399,MR,1.3.6.1.4.1.14519.5.2.1.1620.1225.258654674967444881519890820495,1.3.6.1.4.1.14519.5.2.1.1620.1225.160160746552835305604878442897,480,480,70.0,4271.85888671875,T2 FS AX,,08_medical_imaging_tcia_ea1141/raw/MR_1.3.6.1.4.1.14519.5.2.1.1620.1225.258654674967444881519890820495/3d47efa8-68cd-4ec3-86b7-49cf01707e9b.dcm
1.3.6.1.4.1.14519.5.2.1.1620.1225.503169092095139829614778948631,EA1141-1004399,MR,1.3.6.1.4.1.14519.5.2.1.1620.1225.258654674967444881519890820495,1.3.6.1.4.1.14519.5.2.1.1620.1225.160160746552835305604878442897,480,480,70.0,4271.85888671875,T2 FS AX,,08_medical_imaging_tcia_ea1141/raw/MR_1.3.6.1.4.1.14519.5.2.1.1620.1225.258654674967444881519890820495/3eede498-a7f7-41c8-a8c1-ba112a47c3e2.dcm
1.3.6.1.4.1.14519.5.2.1.1620.1225.320010913960194994790780916963,EA1141-1004399,MR,1.3.6.1.4.1.14519.5.2.1.1620.1225.258654674967444881519890820495,1.3.6.1.4.1.14519.5.2.1.1620.1225.160160746552835305604878442897,480,480,70.0,4271.85888671875,T2 FS AX,,08_medical_imaging_tcia_ea1141/raw/MR_1.3.6.1.4.1.14519.5.2.1.1620.1225.258654674967444881519890820495/4658bf6e-20d6-484b-a33d-8d05c840f82d.dcm
1.3.6.1.4.1.14519.5.2.1.1620.1225.215923312349516945685042849651,EA1141-1004399,MR,1.3.6.1.4.1.14519.5.2.1.1620.1225.258654674967444881519890820495,1.3.6.1.4.1.14519.5.2.1.1620.1225.160160746552835305604878442897,480,480,70.0,4271.85888671875,T2 FS AX,,08_medical_imaging_tcia_ea1141/raw/MR_1.3.6.1.4.1.14519.5.2.1.1620.1225.258654674967444881519890820495/4aa9cb2c-9880-42a2-883d-2d795a1e4ced.dcm
1.3.6.1.4.1.14519.5.2.1.1620.1225.487714449417063060037894695147,EA1141-1004399,MR,1.3.6.1.4.1.14519.5.2.1.1620.1225.258654674967444881519890820495,1.3.6.1.4.1.14519.5.2.1.1620.1225.160160746552835305604878442897,480,480,70.0,4271.85888671875,T2 FS AX,,08_medical_imaging_tcia_ea1141/raw/MR_1.3.6.1.4.1.14519.5.2.1.1620.1225.258654674967444881519890820495/4d999c14-e723-430c-ae89-f017cd7a334a.dcm
1.3.6.1.4.1.14519.5.2.1.1620.1225.251768043726441597120869571349,EA1141-1004399,MR,1.3.6.1.4.1.14519.5.2.1.1620.1225.258654674967444881519890820495,1.3.6.1.4.1.14519.5.2.1.1620.1225.160160746552835305604878442897,480,480,70.0,4271.85888671875,T2 FS AX,,08_medical_imaging_tcia_ea1141/raw/MR_1.3.6.1.4.1.14519.5.2.1.1620.1225.258654674967444881519890820495/4eef58b3-2caf-4e4b-a24f-122a0165456c.dcm
1.3.6.1.4.1.14519.5.2.1.1620.1225.277768334947209022430627055331,EA1141-1004399,MR,1.3.6.1.4.1.14519.5.2.1.1620.1225.258654674967444881519890820495,1.3.6.1.4.1.14519.5.2.1.1620.1225.160160746552835305604878442897,480,480,70.0,4271.85888671875,T2 FS AX,,08_medical_imaging_tcia_ea1141/raw/MR_1.3.6.1.4.1.14519.5.2.1.1620.1225.258654674967444881519890820495/56a26940-4a42-4781-8111-40f04a239bd6.dcm
1.3.6.1.4.1.14519.5.2.1.1620.1225.257085313791888073445996378406,EA1141-1004399,MR,1.3.6.1.4.1.14519.5.2.1.1620.1225.258654674967444881519890820495,1.3.6.1.4.1.14519.5.2.1.1620.1225.160160746552835305604878442897,480,480,70.0,4271.85888671875,T2 FS AX,,08_medical_imaging_tcia_ea1141/raw/MR_1.3.6.1.4.1.14519.5.2.1.1620.1225.258654674967444881519890820495/5b2d1df3-e1ae-407f-977d-b6f4e2e39e9f.dcm
1.3.6.1.4.1.14519.5.2.1.1620.1225.154239403861734196691854925860,EA1141-1004399,MR,1.3.6.1.4.1.14519.5.2.1.1620.1225.258654674967444881519890820495,1.3.6.1.4.1.14519.5.2.1.1620.1225.160160746552835305604878442897,480,480,70.0,4271.85888671875,T2 FS AX,,08_medical_imaging_tcia_ea1141/raw/MR_1.3.6.1.4.1.14519.5.2.1.1620.1225.258654674967444881519890820495/5cb3f7ec-26c7-4b2a-acdc-5891958573f9.dcm
1.3.6.1.4.1.14519.5.2.1.1620.1225.924724167768720316475835013553,EA1141-1004399,MR,1.3.6.1.4.1.14519.5.2.1.1620.1225.258654674967444881519890820495,1.3.6.1.4.1.14519.5.2.1.1620.1225.160160746552835305604878442897,480,480,70.0,4271.85888671875,T2 FS AX,,08_medical_imaging_tcia_ea1141/raw/MR_1.3.6.1.4.1.14519.5.2.1.1620.1225.258654674967444881519890820495/5d756e79-07e0-4563-9d04-5539322afaee.dcm
1.3.6.1.4.1.14519.5.2.1.1620.1225.130592617110171678074152108811,EA1141-1004399,MR,1.3.6.1.4.1.14519.5.2.1.1620.1225.258654674967444881519890820495,1.3.6.1.4.1.14519.5.2.1.1620.1225.160160746552835305604878442897,480,480,70.0,4271.85888671875,T2 FS AX,,08_medical_imaging_tcia_ea1141/raw/MR_1.3.6.1.4.1.14519.5.2.1.1620.1225.258654674967444881519890820495/68413971-60c5-4add-ad65-7bedf6b691ec.dcm
1.3.6.1.4.1.14519.5.2.1.1620.1225.111781483713308833361171409111,EA1141-1004399,MR,1.3.6.1.4.1.14519.5.2.1.1620.1225.258654674967444881519890820495,1.3.6.1.4.1.14519.5.2.1.1620.1225.160160746552835305604878442897,480,480,70.0,4271.85888671875,T2 FS AX,,08_medical_imaging_tcia_ea1141/raw/MR_1.3.6.1.4.1.14519.5.2.1.1620.1225.258654674967444881519890820495/690bb02d-ce58-4dec-950b-9643b462698e.dcm
1.3.6.1.4.1.14519.5.2.1.1620.1225.449195624746197439975761820146,EA1141-1004399,MR,1.3.6.1.4.1.14519.5.2.1.1620.1225.258654674967444881519890820495,1.3.6.1.4.1.14519.5.2.1.1620.1225.160160746552835305604878442897,480,480,70.0,4271.85888671875,T2 FS AX,,08_medical_imaging_tcia_ea1141/raw/MR_1.3.6.1.4.1.14519.5.2.1.1620.1225.258654674967444881519890820495/6aeac970-c685-4bb8-a98d-710dd2b01fde.dcm
1.3.6.1.4.1.14519.5.2.1.1620.1225.317573091496256478630158033672,EA1141-1004399,MR,1.3.6.1.4.1.14519.5.2.1.1620.1225.258654674967444881519890820495,1.3.6.1.4.1.14519.5.2.1.1620.1225.160160746552835305604878442897,480,480,70.0,4271.85888671875,T2 FS AX,,08_medical_imaging_tcia_ea1141/raw/MR_1.3.6.1.4.1.14519.5.2.1.1620.1225.258654674967444881519890820495/76cd0438-7871-437c-bd24-1c733cc03ebc.dcm
1.3.6.1.4.1.14519.5.2.1.1620.1225.269340684726992070284637302042,EA1141-1004399,MR,1.3.6.1.4.1.14519.5.2.1.1620.1225.258654674967444881519890820495,1.3.6.1.4.1.14519.5.2.1.1620.1225.160160746552835305604878442897,480,480,70.0,4271.85888671875,T2 FS AX,,08_medical_imaging_tcia_ea1141/raw/MR_1.3.6.1.4.1.14519.5.2.1.1620.1225.258654674967444881519890820495/790fa529-b8d9-4022-a65a-1f5b8636f6a9.dcm
1.3.6.1.4.1.14519.5.2.1.1620.1225.199493226266781838250054649406,EA1141-1004399,MR,1.3.6.1.4.1.14519.5.2.1.1620.1225.258654674967444881519890820495,1.3.6.1.4.1.14519.5.2.1.1620.1225.160160746552835305604878442897,480,480,70.0,4271.85888671875,T2 FS AX,,08_medical_imaging_tcia_ea1141/raw/MR_1.3.6.1.4.1.14519.5.2.1.1620.1225.258654674967444881519890820495/7f752b93-e22f-4373-ba0c-32da9b32af2e.dcm
1.3.6.1.4.1.14519.5.2.1.1620.1225.261902555541718118074658592635,EA1141-1004399,MR,1.3.6.1.4.1.14519.5.2.1.1620.1225.258654674967444881519890820495,1.3.6.1.4.1.14519.5.2.1.1620.1225.160160746552835305604878442897,480,480,70.0,4271.85888671875,T2 FS AX,,08_medical_imaging_tcia_ea1141/raw/MR_1.3.6.1.4.1.14519.5.2.1.1620.1225.258654674967444881519890820495/7f9809e7-59e1-4969-85b2-1cb744df6c11.dcm
1.3.6.1.4.1.14519.5.2.1.1620.1225.808922953625373930636047590635,EA1141-1004399,MR,1.3.6.1.4.1.14519.5.2.1.1620.1225.258654674967444881519890820495,1.3.6.1.4.1.14519.5.2.1.1620.1225.160160746552835305604878442897,480,480,70.0,4271.85888671875,T2 FS AX,,08_medical_imaging_tcia_ea1141/raw/MR_1.3.6.1.4.1.14519.5.2.1.1620.1225.258654674967444881519890820495/80abeec8-363e-4b3f-b64c-3440412ad11b.dcm
1.3.6.1.4.1.14519.5.2.1.1620.1225.141222251188272556021108204519,EA1141-1004399,MR,1.3.6.1.4.1.14519.5.2.1.1620.1225.258654674967444881519890820495,1.3.6.1.4.1.14519.5.2.1.1620.1225.160160746552835305604878442897,480,480,70.0,4271.85888671875,T2 FS AX,,08_medical_imaging_tcia_ea1141/raw/MR_1.3.6.1.4.1.14519.5.2.1.1620.1225.258654674967444881519890820495/827f0d68-5dd6-4b46-b483-1874a8b41372.dcm
1.3.6.1.4.1.14519.5.2.1.1620.1225.260712903608148289435747220197,EA1141-1004399,MR,1.3.6.1.4.1.14519.5.2.1.1620.1225.258654674967444881519890820495,1.3.6.1.4.1.14519.5.2.1.1620.1225.160160746552835305604878442897,480,480,70.0,4271.85888671875,T2 FS AX,,08_medical_imaging_tcia_ea1141/raw/MR_1.3.6.1.4.1.14519.5.2.1.1620.1225.258654674967444881519890820495/850840da-af12-473c-9c3d-de82031e3b92.dcm
1.3.6.1.4.1.14519.5.2.1.1620.1225.139740090155430149910569534743,EA1141-1004399,MR,1.3.6.1.4.1.14519.5.2.1.1620.1225.258654674967444881519890820495,1.3.6.1.4.1.14519.5.2.1.1620.1225.160160746552835305604878442897,480,480,70.0,4271.85888671875,T2 FS AX,,08_medical_imaging_tcia_ea1141/raw/MR_1.3.6.1.4.1.14519.5.2.1.1620.1225.258654674967444881519890820495/855c14d4-a81c-4d79-9315-5affc4879060.dcm
1.3.6.1.4.1.14519.5.2.1.1620.1225.259822680981263087768001376075,EA1141-1004399,MR,1.3.6.1.4.1.14519.5.2.1.1620.1225.258654674967444881519890820495,1.3.6.1.4.1.14519.5.2.1.1620.1225.160160746552835305604878442897,480,480,70.0,4271.85888671875,T2 FS AX,,08_medical_imaging_tcia_ea1141/raw/MR_1.3.6.1.4.1.14519.5.2.1.1620.1225.258654674967444881519890820495/9607526a-fffe-49bf-bdfe-4c92223add76.dcm
1.3.6.1.4.1.14519.5.2.1.1620.1225.216848553156748062515102779420,EA1141-1004399,MR,1.3.6.1.4.1.14519.5.2.1.1620.1225.258654674967444881519890820495,1.3.6.1.4.1.14519.5.2.1.1620.1225.160160746552835305604878442897,480,480,70.0,4271.85888671875,T2 FS AX,,08_medical_imaging_tcia_ea1141/raw/MR_1.3.6.1.4.1.14519.5.2.1.1620.1225.258654674967444881519890820495/97b26eb1-08a7-4c59-8922-b1e7ccdbdc89.dcm
1.3.6.1.4.1.14519.5.2.1.1620.1225.141628685972941286602915857207,EA1141-1004399,MR,1.3.6.1.4.1.14519.5.2.1.1620.1225.258654674967444881519890820495,1.3.6.1.4.1.14519.5.2.1.1620.1225.160160746552835305604878442897,480,480,70.0,4271.85888671875,T2 FS AX,,08_medical_imaging_tcia_ea1141/raw/MR_1.3.6.1.4.1.14519.5.2.1.1620.1225.258654674967444881519890820495/9a49130c-9b12-4cc9-a535-6362e0890e7f.dcm
1.3.6.1.4.1.14519.5.2.1.1620.1225.637857619390002481528566877956,EA1141-1004399,MR,1.3.6.1.4.1.14519.5.2.1.1620.1225.258654674967444881519890820495,1.3.6.1.4.1.14519.5.2.1.1620.1225.160160746552835305604878442897,480,480,70.0,4271.85888671875,T2 FS AX,,08_medical_imaging_tcia_ea1141/raw/MR_1.3.6.1.4.1.14519.5.2.1.1620.1225.258654674967444881519890820495/9dff6199-ff11-4688-bd05-c8814c253fe3.dcm
1.3.6.1.4.1.14519.5.2.1.1620.1225.193513836627624367439801694579,EA1141-1004399,MR,1.3.6.1.4.1.14519.5.2.1.1620.1225.258654674967444881519890820495,1.3.6.1.4.1.14519.5.2.1.1620.1225.160160746552835305604878442897,480,480,70.0,4271.85888671875,T2 FS AX,,08_medical_imaging_tcia_ea1141/raw/MR_1.3.6.1.4.1.14519.5.2.1.1620.1225.258654674967444881519890820495/a39b7315-5bac-4150-baac-522c3f96a41c.dcm
1.3.6.1.4.1.14519.5.2.1.1620.1225.239193787070848974555434356395,EA1141-1004399,MR,1.3.6.1.4.1.14519.5.2.1.1620.1225.258654674967444881519890820495,1.3.6.1.4.1.14519.5.2.1.1620.1225.160160746552835305604878442897,480,480,70.0,4271.85888671875,T2 FS AX,,08_medical_imaging_tcia_ea1141/raw/MR_1.3.6.1.4.1.14519.5.2.1.1620.1225.258654674967444881519890820495/a530d8fa-e651-44e4-be78-4aa0e4dd7f72.dcm
1.3.6.1.4.1.14519.5.2.1.1620.1225.133048035114087623772664653050,EA1141-1004399,MR,1.3.6.1.4.1.14519.5.2.1.1620.1225.258654674967444881519890820495,1.3.6.1.4.1.14519.5.2.1.1620.1225.160160746552835305604878442897,480,480,70.0,4271.85888671875,T2 FS AX,,08_medical_imaging_tcia_ea1141/raw/MR_1.3.6.1.4.1.14519.5.2.1.1620.1225.258654674967444881519890820495/aaee4531-7d8b-4aef-9b95-abddc724bae0.dcm
1.3.6.1.4.1.14519.5.2.1.1620.1225.269331107312797894264955211586,EA1141-1004399,MR,1.3.6.1.4.1.14519.5.2.1.1620.1225.258654674967444881519890820495,1.3.6.1.4.1.14519.5.2.1.1620.1225.160160746552835305604878442897,480,480,70.0,4271.85888671875,T2 FS AX,,08_medical_imaging_tcia_ea1141/raw/MR_1.3.6.1.4.1.14519.5.2.1.1620.1225.258654674967444881519890820495/af06b0ba-0d60-4895-b581-d1ef618f18f1.dcm
1.3.6.1.4.1.14519.5.2.1.1620.1225.110143780258848561077383107415,EA1141-1004399,MR,1.3.6.1.4.1.14519.5.2.1.1620.1225.258654674967444881519890820495,1.3.6.1.4.1.14519.5.2.1.1620.1225.160160746552835305604878442897,480,480,70.0,4271.85888671875,T2 FS AX,,08_medical_imaging_tcia_ea1141/raw/MR_1.3.6.1.4.1.14519.5.2.1.1620.1225.258654674967444881519890820495/b788fcbc-16e9-4712-8d8c-2e0e3b102031.dcm
1.3.6.1.4.1.14519.5.2.1.1620.1225.318209768113586282653686111193,EA1141-1004399,MR,1.3.6.1.4.1.14519.5.2.1.1620.1225.258654674967444881519890820495,1.3.6.1.4.1.14519.5.2.1.1620.1225.160160746552835305604878442897,480,480,70.0,4271.85888671875,T2 FS AX,,08_medical_imaging_tcia_ea1141/raw/MR_1.3.6.1.4.1.14519.5.2.1.1620.1225.258654674967444881519890820495/bf97fcf7-db9a-4c89-b180-209b2ca2bf57.dcm
1.3.6.1.4.1.14519.5.2.1.1620.1225.295864683146979542670984017314,EA1141-1004399,MR,1.3.6.1.4.1.14519.5.2.1.1620.1225.258654674967444881519890820495,1.3.6.1.4.1.14519.5.2.1.1620.1225.160160746552835305604878442897,480,480,70.0,4271.85888671875,T2 FS AX,,08_medical_imaging_tcia_ea1141/raw/MR_1.3.6.1.4.1.14519.5.2.1.1620.1225.258654674967444881519890820495/c092a1f1-bdf8-4656-8530-312bc05bb7b3.dcm
1.3.6.1.4.1.14519.5.2.1.1620.1225.161507945807790682526016448777,EA1141-1004399,MR,1.3.6.1.4.1.14519.5.2.1.1620.1225.258654674967444881519890820495,1.3.6.1.4.1.14519.5.2.1.1620.1225.160160746552835305604878442897,480,480,70.0,4271.85888671875,T2 FS AX,,08_medical_imaging_tcia_ea1141/raw/MR_1.3.6.1.4.1.14519.5.2.1.1620.1225.258654674967444881519890820495/c3ae39ba-086d-4069-aaee-cae762f835d8.dcm
1.3.6.1.4.1.14519.5.2.1.1620.1225.149608159487136396523085906846,EA1141-1004399,MR,1.3.6.1.4.1.14519.5.2.1.1620.1225.258654674967444881519890820495,1.3.6.1.4.1.14519.5.2.1.1620.1225.160160746552835305604878442897,480,480,70.0,4271.85888671875,T2 FS AX,,08_medical_imaging_tcia_ea1141/raw/MR_1.3.6.1.4.1.14519.5.2.1.1620.1225.258654674967444881519890820495/c4984167-e82d-49f9-aea1-ae1415586860.dcm
1.3.6.1.4.1.14519.5.2.1.1620.1225.135064649004765576415485131956,EA1141-1004399,MR,1.3.6.1.4.1.14519.5.2.1.1620.1225.258654674967444881519890820495,1.3.6.1.4.1.14519.5.2.1.1620.1225.160160746552835305604878442897,480,480,70.0,4271.85888671875,T2 FS AX,,08_medical_imaging_tcia_ea1141/raw/MR_1.3.6.1.4.1.14519.5.2.1.1620.1225.258654674967444881519890820495/c977a902-8c27-4c34-a3d4-66cf10f75ae6.dcm
1.3.6.1.4.1.14519.5.2.1.1620.1225.608975297347443303335762147586,EA1141-1004399,MR,1.3.6.1.4.1.14519.5.2.1.1620.1225.258654674967444881519890820495,1.3.6.1.4.1.14519.5.2.1.1620.1225.160160746552835305604878442897,480,480,70.0,4271.85888671875,T2 FS AX,,08_medical_imaging_tcia_ea1141/raw/MR_1.3.6.1.4.1.14519.5.2.1.1620.1225.258654674967444881519890820495/cc6130aa-eb1b-4be0-b461-c54ae4208424.dcm
1.3.6.1.4.1.14519.5.2.1.1620.1225.177600726348528763211400620747,EA1141-1004399,MR,1.3.6.1.4.1.14519.5.2.1.1620.1225.258654674967444881519890820495,1.3.6.1.4.1.14519.5.2.1.1620.1225.160160746552835305604878442897,480,480,70.0,4271.85888671875,T2 FS AX,,08_medical_imaging_tcia_ea1141/raw/MR_1.3.6.1.4.1.14519.5.2.1.1620.1225.258654674967444881519890820495/d3d2b941-1bd5-46a4-9da7-12e54503f7bd.dcm
1.3.6.1.4.1.14519.5.2.1.1620.1225.112229100628373545019281483309,EA1141-1004399,MR,1.3.6.1.4.1.14519.5.2.1.1620.1225.258654674967444881519890820495,1.3.6.1.4.1.14519.5.2.1.1620.1225.160160746552835305604878442897,480,480,70.0,4271.85888671875,T2 FS AX,,08_medical_imaging_tcia_ea1141/raw/MR_1.3.6.1.4.1.14519.5.2.1.1620.1225.258654674967444881519890820495/d52d28dd-1920-420c-91d4-5ab73dbbba87.dcm
1.3.6.1.4.1.14519.5.2.1.1620.1225.299520695684575303501689975186,EA1141-1004399,MR,1.3.6.1.4.1.14519.5.2.1.1620.1225.258654674967444881519890820495,1.3.6.1.4.1.14519.5.2.1.1620.1225.160160746552835305604878442897,480,480,70.0,4271.85888671875,T2 FS AX,,08_medical_imaging_tcia_ea1141/raw/MR_1.3.6.1.4.1.14519.5.2.1.1620.1225.258654674967444881519890820495/d6ecf216-72b3-4189-ae67-24765a1023e0.dcm
1.3.6.1.4.1.14519.5.2.1.1620.1225.314353750781941095226828629152,EA1141-1004399,MR,1.3.6.1.4.1.14519.5.2.1.1620.1225.258654674967444881519890820495,1.3.6.1.4.1.14519.5.2.1.1620.1225.160160746552835305604878442897,480,480,70.0,4271.85888671875,T2 FS AX,,08_medical_imaging_tcia_ea1141/raw/MR_1.3.6.1.4.1.14519.5.2.1.1620.1225.258654674967444881519890820495/d952e512-c240-4b07-81c5-39a3562f9a68.dcm
1.3.6.1.4.1.14519.5.2.1.1620.1225.220255252868930195464404441505,EA1141-1004399,MR,1.3.6.1.4.1.14519.5.2.1.1620.1225.258654674967444881519890820495,1.3.6.1.4.1.14519.5.2.1.1620.1225.160160746552835305604878442897,480,480,70.0,4271.85888671875,T2 FS AX,,08_medical_imaging_tcia_ea1141/raw/MR_1.3.6.1.4.1.14519.5.2.1.1620.1225.258654674967444881519890820495/da273a96-7b66-45d1-bf91-b5dc208836a6.dcm
1.3.6.1.4.1.14519.5.2.1.1620.1225.320983657737608052284084572407,EA1141-1004399,MR,1.3.6.1.4.1.14519.5.2.1.1620.1225.258654674967444881519890820495,1.3.6.1.4.1.14519.5.2.1.1620.1225.160160746552835305604878442897,480,480,70.0,4271.85888671875,T2 FS AX,,08_medical_imaging_tcia_ea1141/raw/MR_1.3.6.1.4.1.14519.5.2.1.1620.1225.258654674967444881519890820495/db7dc0fd-cd77-4d5b-91d5-7bbd9686de08.dcm
1.3.6.1.4.1.14519.5.2.1.1620.1225.290831426936828913316838186349,EA1141-1004399,MR,1.3.6.1.4.1.14519.5.2.1.1620.1225.258654674967444881519890820495,1.3.6.1.4.1.14519.5.2.1.1620.1225.160160746552835305604878442897,480,480,70.0,4271.85888671875,T2 FS AX,,08_medical_imaging_tcia_ea1141/raw/MR_1.3.6.1.4.1.14519.5.2.1.1620.1225.258654674967444881519890820495/df3e7dbf-8d75-478a-8822-d1e1102fdf91.dcm
1.3.6.1.4.1.14519.5.2.1.1620.1225.497387005781001703313362988782,EA1141-1004399,MR,1.3.6.1.4.1.14519.5.2.1.1620.1225.258654674967444881519890820495,1.3.6.1.4.1.14519.5.2.1.1620.1225.160160746552835305604878442897,480,480,70.0,4271.85888671875,T2 FS AX,,08_medical_imaging_tcia_ea1141/raw/MR_1.3.6.1.4.1.14519.5.2.1.1620.1225.258654674967444881519890820495/e714a46e-21df-4f6d-be3b-73f5f8b495fa.dcm
1.3.6.1.4.1.14519.5.2.1.1620.1225.276123836235370391364156285391,EA1141-1004399,MR,1.3.6.1.4.1.14519.5.2.1.1620.1225.258654674967444881519890820495,1.3.6.1.4.1.14519.5.2.1.1620.1225.160160746552835305604878442897,480,480,70.0,4271.85888671875,T2 FS AX,,08_medical_imaging_tcia_ea1141/raw/MR_1.3.6.1.4.1.14519.5.2.1.1620.1225.258654674967444881519890820495/e8c34349-0692-4f65-b0ff-c06a0bb09f7c.dcm
1.3.6.1.4.1.14519.5.2.1.1620.1225.309175347569972936000819081063,EA1141-1004399,MR,1.3.6.1.4.1.14519.5.2.1.1620.1225.258654674967444881519890820495,1.3.6.1.4.1.14519.5.2.1.1620.1225.160160746552835305604878442897,480,480,70.0,4271.85888671875,T2 FS AX,,08_medical_imaging_tcia_ea1141/raw/MR_1.3.6.1.4.1.14519.5.2.1.1620.1225.258654674967444881519890820495/ec685177-e469-4fee-af08-2111f48d6275.dcm
1.3.6.1.4.1.14519.5.2.1.1620.1225.272296898390911857838907180756,EA1141-1004399,MR,1.3.6.1.4.1.14519.5.2.1.1620.1225.258654674967444881519890820495,1.3.6.1.4.1.14519.5.2.1.1620.1225.160160746552835305604878442897,480,480,70.0,4271.85888671875,T2 FS AX,,08_medical_imaging_tcia_ea1141/raw/MR_1.3.6.1.4.1.14519.5.2.1.1620.1225.258654674967444881519890820495/eebc16a9-8dbe-4e12-8b04-5d81efb5c5d3.dcm
1.3.6.1.4.1.14519.5.2.1.1620.1225.282989570646040901259082030890,EA1141-1004399,MR,1.3.6.1.4.1.14519.5.2.1.1620.1225.258654674967444881519890820495,1.3.6.1.4.1.14519.5.2.1.1620.1225.160160746552835305604878442897,480,480,70.0,4271.85888671875,T2 FS AX,,08_medical_imaging_tcia_ea1141/raw/MR_1.3.6.1.4.1.14519.5.2.1.1620.1225.258654674967444881519890820495/f08cd721-939d-4fde-b571-4ce727ad9fd7.dcm
1.3.6.1.4.1.14519.5.2.1.1620.1225.271465715570965202320619467755,EA1141-1004399,MR,1.3.6.1.4.1.14519.5.2.1.1620.1225.258654674967444881519890820495,1.3.6.1.4.1.14519.5.2.1.1620.1225.160160746552835305604878442897,480,480,70.0,4271.85888671875,T2 FS AX,,08_medical_imaging_tcia_ea1141/raw/MR_1.3.6.1.4.1.14519.5.2.1.1620.1225.258654674967444881519890820495/f5983fe5-8042-492b-8a9e-5a9b693764b8.dcm
1.3.6.1.4.1.14519.5.2.1.1620.1225.308104558782456533862608462811,EA1141-1004399,MR,1.3.6.1.4.1.14519.5.2.1.1620.1225.258654674967444881519890820495,1.3.6.1.4.1.14519.5.2.1.1620.1225.160160746552835305604878442897,480,480,70.0,4271.85888671875,T2 FS AX,,08_medical_imaging_tcia_ea1141/raw/MR_1.3.6.1.4.1.14519.5.2.1.1620.1225.258654674967444881519890820495/f71ce949-e15c-40a2-9a22-4bfd2e191df7.dcm
1.3.6.1.4.1.14519.5.2.1.1620.1225.100356158170916076978031454899,EA1141-1004399,MR,1.3.6.1.4.1.14519.5.2.1.1620.1225.258654674967444881519890820495,1.3.6.1.4.1.14519.5.2.1.1620.1225.160160746552835305604878442897,480,480,70.0,4271.85888671875,T2 FS AX,,08_medical_imaging_tcia_ea1141/raw/MR_1.3.6.1.4.1.14519.5.2.1.1620.1225.258654674967444881519890820495/fa12a3cc-ae40-4568-b211-e07b29bbf271.dcm
1.3.6.1.4.1.14519.5.2.1.1620.1225.333047300344942315319140006693,EA1141-1004399,MR,1.3.6.1.4.1.14519.5.2.1.1620.1225.258654674967444881519890820495,1.3.6.1.4.1.14519.5.2.1.1620.1225.160160746552835305604878442897,480,480,70.0,4271.85888671875,T2 FS AX,,08_medical_imaging_tcia_ea1141/raw/MR_1.3.6.1.4.1.14519.5.2.1.1620.1225.258654674967444881519890820495/fbb22020-6432-48fe-a53b-1248baf03bf6.dcm
