group,primary_error,mean_absolute_error,mean_squared_error,bias,scored_rows,assigned_rows,rmse,model
T160,0.2651577806935824,5078.620143926701,45114345.509111576,-5078.620143926701,15,15,6716.721336270515,reference
T170,0.49451468246061114,7002.267496985863,108985986.17890935,-7002.267496985863,15,15,10439.63534702766,reference
T160,0.2651577806935824,5078.620143926701,45114345.509111576,-5078.620143926701,15,15,6716.721336270515,wlf
T170,0.49451468246061114,7002.267496985863,108985986.17890935,-7002.267496985863,15,15,10439.63534702766,wlf
T160,0.5780298992032638,11236.185964714603,244130497.96146667,-11236.185964714603,15,15,15624.675931406278,arrhenius
T170,1.039211425863376,12774.83486252585,407674954.3945158,-12773.936408278316,15,15,20190.962195856733,arrhenius
T160,0.5808481538635993,7492.343185650297,114317147.99746354,644.737264418649,15,15,10691.919752666663,kernel
T170,1.3806857405995865,11370.054892047661,162924687.16140068,6383.9650510302135,15,15,12764.195515636724,kernel
T160,1.7157153510805574,33397.98201557109,1492754469.3531504,6683.3811133799445,15,15,38636.180832907776,constant
T170,2.1609145648962613,29332.69178802797,993475226.3107302,18925.453913379944,15,15,31519.44203679263,constant
T160,9.016700180427565,31825.851885968234,2460964128.5446987,-31825.851885968234,15,15,49608.10547223809,zero_shot_old_PDLLA
T170,8.517623872744055,19583.917160572833,1018822436.2635976,-19583.917160572833,15,15,31918.998046047713,zero_shot_old_PDLLA
