group,reference,flexible,history_fixed,last_choice
10,0.2224902588251116,0.22221167828320207,0.21652975740044345,0.3527777777777778
1034559832,0.049946939352686195,0.05351522410698906,0.0652453276841805,0.029166666666666667
1066227827,0.07276875734786652,0.07575972188322286,0.08084046970295616,0.07083333333333333
1083048254,0.21221699066871252,0.21276023352505544,0.20062039775959103,0.3416666666666667
1121384528,0.28702034176714997,0.291258904204741,0.26669505201772065,0.48333333333333334
1143218452,0.20632248682950605,0.20801964778538398,0.20328054709314855,0.29583333333333334
1181758950,0.2351347645918852,0.2412431989356521,0.229611385128036,0.4
127397089,0.2242934668544426,0.22298008642716838,0.2212376430638065,0.325
1280603021,0.16007894028568037,0.15951794483539652,0.16794546574081884,0.225
13,0.1679572591230642,0.1641045976200864,0.17507716825528125,0.23055555555555557
1360936249,0.15697685150222926,0.15057233387607746,0.16489580456136643,0.1625
1457986723,0.13707503539873686,0.1363223694832311,0.14657120560766396,0.1625
1649888939,0.10243652146608888,0.10486369285207378,0.10435680217558148,0.10833333333333334
1684787501,0.21050560442559754,0.21070834349647505,0.21026923520945212,0.2875
1700389515,0.2181162871627112,0.2216014022978228,0.2125179961983263,0.4
1730187628,0.08716379918328002,0.08975026390765892,0.10380090953902732,0.1375
1777568433,0.28042209805319923,0.2799919437546223,0.26265468250801494,0.4375
1778154762,0.09437685629266387,0.09539709192107383,0.10995743774214868,0.10416666666666667
1983925044,0.22166240638022075,0.21503900038181203,0.23870358857245583,0.3
21,0.0586868950034913,0.06302224014754186,0.0582567284215237,0.030555555555555555
23,0.279597354417142,0.277343272588853,0.2638189145833145,0.425
2421544639,0.18417101533360564,0.183002622332379,0.18939564291561947,0.2875
26,0.2328223758531849,0.22829258765607105,0.22392649964089809,0.32222222222222224
2641056252,0.20145202037515647,0.1945148952753712,0.2105224943857249,0.25833333333333336
2793771770,0.1812372938419134,0.1803244754430155,0.186047090984963,0.2625
3041587717,0.28655718122409624,0.28202954215826204,0.2690513044079738,0.39166666666666666
3090645410,0.19345663806100818,0.1915534925018028,0.1911176148987296,0.2916666666666667
3209358188,0.22880671848654952,0.23055366324510781,0.220556099262223,0.38333333333333336
3509925777,0.11569932203916511,0.11600708524998686,0.1308149920774605,0.1375
4121895850,0.2520304470401357,0.2502844157166699,0.24356193086164676,0.4166666666666667
4324834591,0.1785074864165396,0.16997354244080398,0.20211274904723903,0.17916666666666667
4407842267,0.1510429176428625,0.15420022070009326,0.1578767924512423,0.24166666666666667
4515339937,0.12030618080885597,0.12218570336408321,0.1342396199300172,0.16666666666666666
4558506067,0.15069937312517043,0.1478882744036603,0.16690736393495006,0.19583333333333333
4648390632,0.09497326926487253,0.09274778457090058,0.11167522053013125,0.0875
4660633930,0.13859128332066142,0.14699891334739051,0.1306593213017275,0.25416666666666665
4692864915,0.10293271303491655,0.10785532487639739,0.1212112560576215,0.15833333333333333
5047172354,0.03841631674925796,0.043367204182055634,0.0558032193976458,0.025
5065483266,0.045865152909493265,0.05191076530242613,0.05965362182235153,0.029166666666666667
5088082683,0.17466980494322087,0.17208162732719715,0.18834341963752138,0.26666666666666666
5304963612,0.05394910949757083,0.058126236430460575,0.07452089253656262,0.07083333333333333
5315062352,0.2969803030949019,0.30201579383139143,0.2768468861335474,0.49583333333333335
5351697836,0.11534714235367852,0.1076729063923935,0.13042847039049016,0.09583333333333334
5386643509,0.13844669105181165,0.13790425546389262,0.15339524738512383,0.17916666666666667
5490824116,0.2159116319104088,0.22083779850704957,0.2077349501465212,0.37083333333333335
5540451437,0.18259953987470653,0.1817574943713139,0.18456627363921285,0.2708333333333333
5683323187,0.1413227666940563,0.14081701471360233,0.1489149749498437,0.17916666666666667
5740299647,0.16822286035887152,0.1735108534404513,0.1675314253810263,0.2875
5743427460,0.038031515123446234,0.04096419110468934,0.06600606166670832,0.04583333333333333
5761948538,0.0362326221440259,0.03964336688499752,0.06326444091372392,0.0375
5774069270,0.03298620017702708,0.035819996084538605,0.05921231030673671,0.029166666666666667
5779906163,0.15518711567071353,0.15962930856587926,0.16488559398896024,0.24166666666666667
5782579406,0.17502710190914714,0.17689451873687476,0.18317517173816775,0.25833333333333336
5979920861,0.17921760094472294,0.18037675561915936,0.1846656461782499,0.3125
6079684251,0.14765732752346156,0.15214333088761453,0.1579934199607044,0.22083333333333333
6151828742,0.16341305305427817,0.15809563513223954,0.1735142187416493,0.15416666666666667
6229080610,0.0405343366423565,0.04610630222562315,0.0558032193976458,0.025
6325411379,0.15701688673401865,0.15521479562306492,0.1633384492233022,0.2
6430366377,0.12788156838849646,0.13243969455274066,0.13355133442170106,0.17916666666666667
6489830667,0.17129497201395594,0.1697099986533545,0.17228691375572014,0.225
6591343623,0.06936447805066726,0.06952585701328404,0.09260759941826184,0.05416666666666667
6646192173,0.12610226820252082,0.1280032680087892,0.1422379283921379,0.19166666666666668
665098939,0.08127964216990763,0.07930161423050605,0.10282605367324207,0.07916666666666666
6653427558,0.15500837547911844,0.15037685265684964,0.16692858233328786,0.19583333333333333
6793874764,0.0712920225730016,0.07348465680652636,0.08425767435009408,0.04583333333333333
6813900882,0.05904060530711308,0.06064852837379912,0.08316549113172715,0.0625
6900345844,0.06488012109199409,0.06804868696481921,0.08163709628039309,0.07083333333333333
7,0.19896072876889548,0.20615720110432045,0.1770123508629551,0.3611111111111111
7002644723,0.2591523151768521,0.26568954893417557,0.24871851534525147,0.4666666666666667
7045059213,0.1802828014418875,0.1667139771616468,0.2079299497825607,0.15833333333333333
7104899141,0.0908646801517863,0.09309796797468874,0.09909805060109443,0.075
711723419,0.14478565565801416,0.14205196715005405,0.1460513330877576,0.175
721533215,0.1269585009432434,0.12150382786301742,0.1383734020387948,0.1125
7427537100,0.11399989611192883,0.11253272913425395,0.13132693771985124,0.13333333333333333
7431450569,0.1564764206188798,0.14740034922999976,0.17238690249528543,0.13333333333333333
7670348809,0.1293948949307186,0.1319210982688019,0.1363791533359084,0.16666666666666666
7677799776,0.2730502347239017,0.2746354635996196,0.2594094944486697,0.44166666666666665
7687971731,0.09919842463783785,0.09909187132350206,0.10481773360234309,0.11666666666666667
7747291380,0.13198797207195076,0.13187991989735356,0.13889521272428468,0.17083333333333334
7990601923,0.22077714701585718,0.22339607298395756,0.21351488102829644,0.425
8152513066,0.14125059443783722,0.14285903115635398,0.1463577458158424,0.2
8287161290,0.27075470739187857,0.27378114440265555,0.2519342423908396,0.48333333333333334
8399675509,0.1477941698848472,0.14779170946989711,0.15282206817019225,0.2
8402191459,0.27965177538881963,0.27936776105398153,0.26711344386366936,0.4625
8450787467,0.17013433870255282,0.16617588447207235,0.1857820680977472,0.22083333333333333
8451196852,0.18903851657298235,0.18722656766318987,0.1934468606498053,0.2916666666666667
8460872882,0.11626211220603987,0.11433162488957062,0.13185759382762902,0.14583333333333334
8470160690,0.09957656339538382,0.10353712465979675,0.1070420419494193,0.125
8536955915,0.16728810252419182,0.16292402736073053,0.17570410944483142,0.23333333333333334
8620331087,0.15127952909889306,0.1436898387132303,0.15768770920679517,0.15833333333333333
8798638696,0.2804015228632164,0.28101850680747115,0.2674078408251501,0.425
9000263301,0.08698655863509573,0.09091369171531576,0.10985928086480486,0.13333333333333333
9039248650,0.1893619740881844,0.1895513750200285,0.18864242995018382,0.2708333333333333
9154845133,0.09707755320108406,0.09923504609277986,0.10949393917378451,0.125
9284766798,0.06167140319828357,0.06375513951799812,0.07865608912967544,0.05416666666666667
9321192873,0.08763687762841742,0.0909411529975996,0.10487727385299084,0.13333333333333333
9369015283,0.06504796711450236,0.07206522104454456,0.06333388535816836,0.0375
9508889484,0.17747703723409,0.1804444930587098,0.18166135431828073,0.2625
9510615162,0.1180573173761368,0.11933917456137745,0.13435413760730547,0.16666666666666666
9535218921,0.2730177468999173,0.27178438660403886,0.2611272213953942,0.425
9703561897,0.16637827758275622,0.17097360405721237,0.1708059030695101,0.2875
971259480,0.10739470209413975,0.10659375235657872,0.12343694507410913,0.12083333333333333
9717125404,0.13811728591257136,0.14172684380155406,0.137840624445817,0.20833333333333334
9824978262,0.10274831565325583,0.09981834853687996,0.10865525854383179,0.09166666666666666
9892286954,0.170290321085366,0.1750134665117682,0.17972996240730504,0.30416666666666664
994102509,0.24569159393363765,0.2504396366570885,0.22794823488809107,0.44583333333333336
9990886401,0.30480065825395414,0.3141201375663325,0.28153861749430154,0.5125
9993368588,0.29843592012733117,0.31750372449085623,0.2506295780992864,0.625
