model,primary_error,mean_group_absolute_error,groups,scored_rows,assigned_rows,primary_units
reference,0.10073207436375245,0.10073207436375245,1,16966,16966,kWh/kWp
compact_candidate,0.1047172575638633,0.1047172575638633,1,16966,16966,kWh/kWp
signed_control,0.15402922801688035,0.15402922801688035,1,16966,16966,kWh/kWp
geometry,0.1082754870697516,0.1082754870697516,1,16966,16966,kWh/kWp
lag_response,0.1268678424930255,0.1268678424930255,1,16966,16966,kWh/kWp
signed_thermal,0.10819235424693495,0.10819235424693495,1,16966,16966,kWh/kWp
lag_geometry,0.1047172575638633,0.1047172575638633,1,16966,16966,kWh/kWp
unrestricted_thermal,0.10831633405630309,0.10831633405630309,1,16966,16966,kWh/kWp
ridge_calendar,0.10073207436375245,0.10073207436375245,1,16966,16966,kWh/kWp
legacy_reference,0.10969556081805203,0.10969556081805203,1,16966,16966,kWh/kWp
