model,group,mae,rmse,bias,rows
reference,FigureS13b_reaction_Ag20-Hbeta_T220,1.9356622952978053,2.145109231923834,1.9356622952978053,113
reference,FigureS14a_reaction_Ag20-Hbeta-calc,0.9340833237984211,1.0504562445453751,0.01000471430583089,120
baseline_cat_hold,FigureS13b_reaction_Ag20-Hbeta_T220,3.214297287798112,3.422481867544761,-3.214297287798112,113
baseline_cat_hold,FigureS14a_reaction_Ag20-Hbeta-calc,7.742236688024996,8.591476991356263,-7.742236688024996,120
baseline_cat_linear,FigureS13b_reaction_Ag20-Hbeta_T220,6.016345310262804,7.342950432654058,6.016212305089336,113
baseline_cat_linear,FigureS14a_reaction_Ag20-Hbeta-calc,9.579116862510952,11.455241752740921,9.578018320756872,120
baseline_constant,FigureS13b_reaction_Ag20-Hbeta_T220,23.64870968774336,23.677904150800444,-23.64870968774336,113
baseline_constant,FigureS14a_reaction_Ag20-Hbeta-calc,14.983878858143648,15.439814558314099,-14.983878858143648,120
baseline_flex26,FigureS13b_reaction_Ag20-Hbeta_T220,1.6077670776457618,1.7803492153803813,1.6077670776457618,113
baseline_flex26,FigureS14a_reaction_Ag20-Hbeta-calc,0.814303360641533,0.98817395902607,-0.36814164038379077,120
attempt_001,FigureS13b_reaction_Ag20-Hbeta_T220,0.5049288990793009,0.5434287916240144,0.5038750314832161,113
attempt_001,FigureS14a_reaction_Ag20-Hbeta-calc,1.5881196691489932,1.9851919710351498,-1.0433738683774023,120
attempt_002,FigureS13b_reaction_Ag20-Hbeta_T220,0.36918001994731275,0.4656872653641752,0.36233907446464436,113
attempt_002,FigureS14a_reaction_Ag20-Hbeta-calc,1.4771782374861464,1.7774579156995924,-1.2278329910398753,120
attempt_003,FigureS13b_reaction_Ag20-Hbeta_T220,0.4408732307432543,0.47986871599012415,0.43979126757844017,113
attempt_003,FigureS14a_reaction_Ag20-Hbeta-calc,1.6737306842531927,2.101940672381655,-1.1618980035616915,120
attempt_004,FigureS13b_reaction_Ag20-Hbeta_T220,1.9421892152589064,2.1480966201752008,1.9421892152589064,113
attempt_004,FigureS14a_reaction_Ag20-Hbeta-calc,0.9434437363006668,1.0613705275073622,0.014336275664771728,120
attempt_005,FigureS13b_reaction_Ag20-Hbeta_T220,0.39925094485185186,0.47586771922957904,0.374097521922982,113
attempt_005,FigureS14a_reaction_Ag20-Hbeta-calc,1.4088215904526542,1.7913987374099714,-1.2298759898348584,120
attempt_006,FigureS13b_reaction_Ag20-Hbeta_T220,1.9356622952978053,2.145109231923834,1.9356622952978053,113
attempt_006,FigureS14a_reaction_Ag20-Hbeta-calc,0.9340833237984211,1.0504562445453751,0.01000471430583089,120
attempt_007,FigureS13b_reaction_Ag20-Hbeta_T220,0.576648083709555,0.7009856502877632,0.12175308480511034,113
attempt_007,FigureS14a_reaction_Ag20-Hbeta-calc,0.6490869092001871,0.7270896478472147,-0.6351574931650511,120
attempt_008,FigureS13b_reaction_Ag20-Hbeta_T220,0.4276170864416166,0.4796509932177802,0.42461156998850635,113
attempt_008,FigureS14a_reaction_Ag20-Hbeta-calc,1.5051738834204944,1.8562825063496178,-1.1466739025042643,120
