model,primary_error,groups,scored_rows,assigned_rows,primary_units
current/cycle-003,13.37034076933166,6,153,153,g/L
current/cycle-002,13.46426780754364,6,153,153,g/L
current/cycle-004,14.081046490644242,6,153,153,g/L
current/cycle-001,14.55859426755672,6,153,153,g/L
current/baseline-hgb,14.562859985881374,6,153,153,g/L
previous/cycle-002,14.65697439972176,6,153,153,g/L
previous/cycle-003,14.809075935401715,6,153,153,g/L
previous/cycle-004,14.873694851957374,6,153,153,g/L
previous/cycle-001,16.059389123537567,6,153,153,g/L
previous/baseline-flex,17.782175640129058,6,153,153,g/L
previous/baseline-linear_sugar,22.43420367727354,6,153,153,g/L
previous/baseline-first_order,22.81756697561769,6,153,153,g/L
previous/baseline-persistence,90.25751880694862,6,153,153,g/L
