case_id,title,domain,status,quality_tier,baseline_label,default_task,task_ids,source_url,license_or_terms
P100-001,OEIS daily sequence corpus,mathematics,explored_evaluator_equipped,comparative_core,implemented by GPT-6 Astra,P100-001.original.v1,P100-001.original.v1,https://oeis.org/wiki/Download,CC BY-SA 4.0
P100-002,MAST TARS TESS Sector 96 light curves and vetting images,astronomy,explored_evaluator_equipped,exploratory_limited_scope,implemented by GPT-6 Astra,P100-002.original.v1,P100-002.original.v1,https://archive.stsci.edu/hlsp/tars,CC BY 4.0
P100-003,GWOSC O4a H1 strain and detector-quality masks,physics,explored_evaluator_equipped,exploratory_limited_scope,implemented by GPT-6 Astra,P100-003.original.v1,P100-003.original.v1,https://gwosc.org/O4/O4a/,CC BY 4.0
P100-004,ATLAS 2015 four-lepton open data across run periods,particle physics,explored_evaluator_equipped,exploratory_limited_scope,implemented by GPT-6 Astra,P100-004.original.v1,P100-004.original.v1,https://opendata.cern.ch/record/93918,CC0 1.0
P100-005,"Dataset for ""A Computational Search for Minimal Obstruction Graphs for the Lovász-Schrijver SDP Hierarchy""",Combinatorial optimization,explored_evaluator_equipped,adequacy_falsification_diagnostic,implemented by GPT-6 Astra,P100-005.original.v1,P100-005.original.v1,https://zenodo.org/records/15483991,cc-by-4.0
P100-006,NIST Rydberg atom RF sensing: ionization-current versus optical readout,atomic physics,explored_evaluator_equipped,exploratory_limited_scope,implemented by GPT-6 Astra,P100-006.original.v1,P100-006.original.v1,https://data.nist.gov/od/id/mds2-3951,NIST public data license
P100-007,"Multimodal gait EEG, EMG, and force-plate data for participant S1",neuroscience,explored_evaluator_equipped,exploratory_limited_scope,implemented by GPT-6 Astra,P100-007.original.v1,P100-007.original.v1,https://physionet.org/content/multimodal-gait-dataset/1.0.0/,CC BY 4.0
P100-008,EA1141 paired breast MR and mammography DICOM series,medical imaging,explored_scientific_abstention,adequacy_falsification_diagnostic,implemented by GPT-6 Astra,,,https://www.cancerimagingarchive.net/collection/ea1141/,CC BY 4.0
P100-009,"DANDI 001176 acetylcholine, axon imaging, pupil, and behavior NWB sessions",neuroscience,explored_evaluator_equipped,exploratory_limited_scope,implemented by GPT-6 Astra,P100-009.original.v1,P100-009.original.v1,https://dandiarchive.org/dandiset/001176/0.260610.2204,CC BY 4.0
P100-010,NVD recent CVE JSON 2.0 snapshot,cybersecurity,explored_evaluator_equipped,adequacy_falsification_diagnostic,implemented by GPT-6 Astra,P100-010.original.v1,P100-010.original.v1,https://nvd.nist.gov/vuln/data-feeds,U.S. Government work; see NVD data-use policy
P100-011,MLPerf Inference v6.0 summary results,artificial intelligence,explored_evaluator_equipped,comparative_core,implemented by GPT-6 Astra,P100-011.original.v1,P100-011.original.v1,https://github.com/mlcommons/inference_results_v6.0,Apache License 2.0
P100-012,NIST 200 mm hafnia-on-silicon wafer metrology collection,semiconductors,explored_evaluator_equipped,exploratory_limited_scope,implemented by GPT-6 Astra,P100-012.original.v1,P100-012.original.v1,https://data.nist.gov/od/id/mds2-3930,NIST public data license
P100-013,NIST encapsulant cure kinetics multimethod workbooks,materials science,explored_evaluator_equipped,exploratory_limited_scope,implemented by GPT-6 Astra,P100-013.original.v1,P100-013.original.v1,https://data.nist.gov/od/id/mds2-3702,NIST public data license
P100-014,Census HTOPS Household Pulse March and May 2026 public-use files,sociology,explored_evaluator_equipped,comparative_core,implemented by GPT-6 Astra,P100-014.original.v1,P100-014.original.v1,https://www.census.gov/programs-surveys/household-pulse-survey/data/datasets.html,U.S. Census Bureau public-use data
P100-015,Federal Reserve 2025 SHED public-use microdata,economics,explored_evaluator_equipped,comparative_core,implemented by GPT-6 Astra,P100-015.original.v1,P100-015.original.v1,https://www.federalreserve.gov/consumerscommunities/shed_data.htm,Federal Reserve public-use data terms
P100-016,BLS CPI and CES selected bulk time-series files,economics,explored_evaluator_equipped,exploratory_limited_scope,implemented by GPT-6 Astra,P100-016.original.v1,P100-016.original.v1,https://download.bls.gov/pub/time.series/,U.S. Government public data
P100-017,USGS ComCat July 2026 global M2.5+ earthquakes,geography,explored_evaluator_equipped,comparative_core,implemented by GPT-6 Astra,P100-017.original.v1,P100-017.original.v1,https://earthquake.usgs.gov/fdsnws/event/1,U.S. Government public domain
P100-018,"NOAA Storm Events 2025 details, fatalities, and locations",climate,explored_evaluator_equipped,comparative_core,implemented by GPT-6 Astra,P100-018.original.v1,P100-018.original.v1,https://www.ncei.noaa.gov/stormevents/ftp.jsp,U.S. Government public data
P100-019,"NHTSA complaints, recalls, investigations, and manufacturer communications",transportation,explored_evaluator_equipped,exploratory_limited_scope,implemented by GPT-6 Astra,P100-019.original.v1,P100-019.original.v1,https://www.nhtsa.gov/nhtsa-datasets-and-apis,U.S. Government public data
P100-020,NOAA Coral Reef Watch global 5 km sea-surface temperature anomaly,oceanography,explored_evaluator_equipped,adequacy_falsification_diagnostic,implemented by GPT-6 Astra,P100-020.original.v1,P100-020.original.v1,https://coralreefwatch.noaa.gov/product/5km/index_5km_ssta_clim19912020.php,U.S. Government public data
P100-021,Josephson junction fabrication and characterization,semiconductor fabrication,explored_evaluator_equipped,exploratory_limited_scope,implemented by GPT-6 Astra,P100-021.original.v1,P100-021.original.v1,https://zenodo.org/records/22113590,Creative Commons Attribution 4.0 International (CC BY 4.0)
P100-022,Lead-free perovskite memristors,electronic devices,explored_evaluator_equipped,comparative_core,implemented by GPT-6 Astra,P100-022.original.v1,P100-022.original.v1,https://zenodo.org/records/17278410,Creative Commons Attribution 4.0 International (CC BY 4.0)
P100-023,Finger-pad friction during viscous liquid spreading,tribology and biomechanics,explored,exploratory_limited_scope,implemented by GPT-6 Astra,P100-023.continuation.v1,P100-023.original.v1; P100-023.continuation.v1,https://zenodo.org/records/15365365,Creative Commons Attribution 4.0 International (CC BY 4.0)
P100-024,Glass-fiber composite fatigue under different cure profiles,structural materials,explored,comparative_core,implemented by GPT-6 Astra,P100-024.original.v1,P100-024.original.v1; P100-024.round2.v1,https://zenodo.org/records/15665325,Creative Commons Attribution 4.0 International (CC BY 4.0)
P100-025,Operando XAS and battery electrochemistry,battery electrochemistry,explored_evaluator_equipped,comparative_core,implemented by GPT-6 Astra,P100-025.original.v1,P100-025.original.v1,https://zenodo.org/records/14922524,Creative Commons Attribution 4.0 International (CC BY 4.0)
P100-026,Silver zeolite methanol dehydrogenation experiments,catalysis,explored_evaluator_equipped,exploratory_limited_scope,implemented by GPT-6 Astra,P100-026.original.v1,P100-026.original.v1,https://zenodo.org/records/15691695,Creative Commons Attribution 4.0 International (CC BY 4.0)
P100-027,KTH boiling two-phase water flow,thermal-fluid engineering,explored,exploratory_limited_scope,implemented by GPT-6 Astra,P100-027.original.v1,P100-027.original.v1; P100-027.round2.v1,https://zenodo.org/records/14627088,Creative Commons Attribution 4.0 International (CC BY 4.0)
P100-028,Inverse parametric microwave scattering,microwave physics,explored_evaluator_equipped,comparative_core,implemented by GPT-6 Astra,P100-028.original.v1,P100-028.original.v1,https://zenodo.org/records/18938314,Creative Commons Attribution 4.0 International (CC BY 4.0)
P100-029,Confinement and catalysis in designed peptide barrels,molecular biophysics,explored_evaluator_equipped,exploratory_limited_scope,implemented by GPT-6 Astra,P100-029.original.v1,P100-029.original.v1,https://zenodo.org/records/13335904,Creative Commons Attribution 4.0 International (CC BY 4.0)
P100-030,Particle size and surface modification of hBN lubricants,nanomaterials and surface science,explored_evaluator_equipped,exploratory_limited_scope,implemented by GPT-6 Astra,P100-030.original.v1,P100-030.original.v1,https://zenodo.org/records/17864405,Creative Commons Attribution 4.0 International (CC BY 4.0)
P100-031,Quantum circuit compilation benchmark experiments,quantum computing,explored_evaluator_equipped,exploratory_limited_scope,implemented by GPT-6 Astra,P100-031.original.v1,P100-031.original.v1,https://zenodo.org/records/14977295,Creative Commons Attribution 4.0 International (CC BY 4.0)
P100-032,CPAP respiratory pressure measurements,respiratory medicine,explored_evaluator_equipped,comparative_core,implemented by GPT-6 Astra,P100-032.original.v1,P100-032.original.v1,https://www.physionet.org/content/respiratory-heartrate-dataset/1.0.0/,CC BY 4.0
P100-033,Smartphone PPG with ECG reference and acquisition disturbances,biomedical sensing,explored_evaluator_equipped,exploratory_limited_scope,implemented by GPT-6 Astra,P100-033.original.v1,P100-033.original.v1,https://www.physionet.org/content/butppg/2.0.0/,CC BY 4.0
P100-034,Presynaptic Unc13 calcium-dose response,synaptic neuroscience,explored_evaluator_equipped,comparative_core,implemented by GPT-6 Astra,P100-034.original.v1,P100-034.original.v1,https://zenodo.org/records/15629377,Creative Commons Attribution 4.0 International (CC BY 4.0)
P100-035,Ungulate vocalizations and production context,bioacoustics and animal welfare,explored_evaluator_equipped,comparative_core,implemented by GPT-6 Astra,P100-035.original.v1,P100-035.original.v1,https://zenodo.org/records/14636641,Creative Commons Attribution 4.0 International (CC BY 4.0)
P100-036,Dwarf tomato stress imaging and phenotypic measurements,plant physiology and agriculture,explored_evaluator_equipped,comparative_core,implemented by GPT-6 Astra,P100-036.original.v1,P100-036.original.v1,https://zenodo.org/records/20638584,Creative Commons Attribution 4.0 International (CC BY 4.0)
P100-037,Carrier-router power under packet and load changes,computer networking,explored,comparative_core,implemented by GPT-6 Astra,P100-037.original.v1,P100-037.original.v1; P100-037.round2.v1,https://zenodo.org/records/17282065,Creative Commons Attribution 4.0 International (CC BY 4.0)
P100-038,Drone telemetry and rural 5G radio measurements,wireless communications,explored_evaluator_equipped,exploratory_limited_scope,implemented by GPT-6 Astra,P100-038.original.v1,P100-038.original.v1,https://zenodo.org/records/16673883,Creative Commons Attribution 4.0 International (CC BY 4.0)
P100-039,"Adult skills, workplace use and earnings in USA and Japan",sociology and labor economics,explored_evaluator_equipped,comparative_core,implemented by GPT-6 Astra,P100-039.original.v1,P100-039.original.v1,https://www.oecd.org/en/data/datasets/piaac-2nd-cycle-database.html,"OECD data terms with attribution and pass-through acknowledgment; Reader Companion CC BY 4.0, third-party cover credit retained"
P100-040,New York City green-taxi trips in 2025,urban transportation,explored_evaluator_equipped,exploratory_limited_scope,implemented by GPT-6 Astra,P100-040.original.v1,P100-040.original.v1,https://www.nyc.gov/site/tlc/about/tlc-trip-record-data.page,NYC Open Data terms; attribution retained
P100-041,Hourly electric-grid balance and forecasts,electric-power systems,explored_evaluator_equipped,exploratory_limited_scope,implemented by GPT-6 Astra,P100-041.original.v1,P100-041.original.v1,https://www.eia.gov/electricity/gridmonitor/dashboard/electric_overview/US48/US48,Public domain; EIA attribution
P100-042,National Age-Friendly Banking Survey,financial inclusion,explored_evaluator_equipped,exploratory_limited_scope,implemented by GPT-6 Astra,P100-042.original.v1,P100-042.original.v1,https://www.consumerfinance.gov/data-research/national-age-friendly-banking-survey-data/,U.S. government public-domain data
P100-043,Gemstones language-model training trajectories,AI training dynamics,explored_evaluator_equipped,comparative_core,implemented by GPT-6 Astra,P100-043.original.v1,P100-043.original.v1,https://github.com/mcleish7/gemstone-scaling-laws,MIT
P100-044,QOBLIB degree-constrained graph topology solver trajectories,mathematical optimization,explored_evaluator_equipped,comparative_core,implemented by GPT-6 Astra,P100-044.original.v1,P100-044.original.v1,https://github.com/ZIB-AOPT/QOBLIB,Data CC BY 4.0; code Apache 2.0
P100-045,Fermi GBM GRB250206A spectra and responses,astronomy,explored_evaluator_equipped,exploratory_limited_scope,implemented by GPT-6 Astra,P100-045.original.v1,P100-045.original.v1,https://heasarc.gsfc.nasa.gov/FTP/fermi/data/gbm/triggers/2025/bn250206827/current/,Public domain; Fermi/HEASARC acknowledgment
P100-046,MMS1 magnetic field and plasma moments on 2025-06-01,space-plasma physics,explored_evaluator_equipped,exploratory_limited_scope,implemented by GPT-6 Astra,P100-046.original.v1,P100-046.original.v1,https://spdf.gsfc.nasa.gov/pub/data/mms/mms1/,CC0 per NASA SPDF data-use policy
P100-047,Two GO-BGC Argo float lifetimes and metadata,ocean biogeochemistry,explored_evaluator_equipped,comparative_core,implemented by GPT-6 Astra,P100-047.original.v1,P100-047.original.v1,https://argo.ucsd.edu/data/data-from-gdacs/,GO-BGC freely reusable with acknowledgment; Argo citation retained
P100-048,SURFRAD radiation and weather across two sites and seasons,atmospheric science,explored_evaluator_equipped,comparative_core,implemented by GPT-6 Astra,P100-048.original.v1,P100-048.original.v1,https://gml.noaa.gov/grad/surfrad/,U.S. government public-domain observations; NOAA acknowledgment
P100-049,DLR lithium-graphite cell GITT and quasi-open-circuit measurements,battery diagnostics and laboratory data integration,explored_evaluator_equipped,exploratory_limited_scope,implemented by GPT-6 Astra,P100-049.original.v1,P100-049.original.v1,https://zenodo.org/records/17295469,Creative Commons Attribution 4.0 International (CC BY 4.0)
P100-050,USGS debris-flow gate-release laser measurements,geotechnical monitoring,explored_evaluator_equipped,exploratory_limited_scope,implemented by GPT-6 Astra,P100-050.original.v1,P100-050.original.v1,https://doi.org/10.5066/P1HXHGZN,CC0 / U.S. government public-domain data
P100-051,"Data set for ""Non-volatile memories based on patterned metal–semiconductor heterostructures of niobium disulfide and molybdenum disulfide""",Semiconductor memories,explored_evaluator_equipped,comparative_core,implemented by GPT-6 Astra,P100-051.original.v1,P100-051.original.v1,https://zenodo.org/records/19003428,cc-by-4.0
P100-052,Data Supplement for 'Dynamic induction control for mitigation of wake-induced power losses: a wind tunnel study under different inflow conditions',Wind energy,explored,exploratory_limited_scope,implemented by GPT-6 Astra,P100-052.original.v1,P100-052.original.v1; P100-052.continuation.v1,https://zenodo.org/records/15356141,cc-by-4.0
P100-053,Industrial screw driving dataset collection: Time series data for process monitoring and anomaly detection,Industrial manufacturing,explored,comparative_core,implemented by GPT-6 Astra,P100-053.original.v1,P100-053.original.v1; P100-053.round2.v1,https://zenodo.org/records/16031381,cc-by-4.0
P100-054,Data set: Enhanced crack stability in micro scale fracture testing via optimized bridge notches,Fracture mechanics,explored_evaluator_equipped,comparative_core,implemented by GPT-6 Astra,P100-054.original.v1,P100-054.original.v1,https://zenodo.org/records/15581944,cc-by-4.0
P100-055,CARBCOMN - Dataset of Early Research Outcomes - Mix Design of 3D-printable Mixes Based on Industrial Slags,Construction materials,explored,exploratory_limited_scope,implemented by GPT-6 Astra,P100-055.original.v1,P100-055.original.v1; P100-055.continuation.v1,https://zenodo.org/records/17092152,cc-by-4.0
P100-056,Experimental data of timber-concrete composite T-beams using adhesively bonded perfobond connections with large spacing,Structural engineering,explored_evaluator_equipped,exploratory_limited_scope,implemented by GPT-6 Astra,P100-056.original.v1,P100-056.original.v1,https://zenodo.org/records/17967735,cc-by-4.0
P100-057,Rheological Data For Syntactic Foam,Suspension rheology,explored,comparative_core,implemented by GPT-6 Astra,P100-057.original.v1,P100-057.original.v1; P100-057.round2.v1; P100-057.round2.v2,https://zenodo.org/records/19699588,cc-by-4.0
P100-058,"Differential scanning calorimetry, gel permeation chromatography and linear rheology measurements of poly(D,L-lactide) (Aldrich 805734)",Polymer physics,explored,exploratory_limited_scope,implemented by GPT-6 Astra,P100-058.continuation.v1,P100-058.original.v1; P100-058.continuation.v1; P100-058.supplemental-PLA3D850-loss.v1; P100-058.supplemental-PLA3D850-storage.v1; P100-058.supplemental-PLA_recycled-loss.v1; P100-058.supplemental-PLA_recycled-storage.v1,https://zenodo.org/records/17294879,cc-by-4.0
P100-059,Photovoltaic Power Production Dataset,Photovoltaic energy,explored,exploratory_limited_scope,implemented by GPT-6 Astra,P100-059.original.v1,P100-059.original.v1; P100-059.continuation.v1,https://data.mendeley.com/datasets/dbh93b6vp8/3,CC BY 4.0
P100-060,"Ultrasonic Pulse Transmission Tests: Datasets in MATLABv6 format - Test Series 3, Reference Tests on Air",Acoustic sensing,explored,comparative_core,implemented by GPT-6 Astra,P100-060.original.v1,P100-060.original.v1; P100-060.round2.v1; P100-060.round2.v2,https://zenodo.org/records/17266427,cc-by-4.0
P100-061,"DATASET - Results permeation tests double-skin Pd-based membranes, conventional Pd-based membranes and porous membranes",Membrane engineering,explored,exploratory_limited_scope,implemented by GPT-6 Astra,P100-061.original.v1,P100-061.original.v1; P100-061.round2.v1; P100-061.round2.v2,https://zenodo.org/records/10691625,cc-by-4.0
P100-062,Hydrogen permeation test on MS AHSS grade 1300,Hydrogen embrittlement,explored_evaluator_equipped,exploratory_limited_scope,implemented by GPT-6 Astra,P100-062.original.v1,P100-062.original.v1,https://data.mendeley.com/datasets/tnsgf7v76z/1,CC BY 4.0
P100-063,Magnon shot noise measurements,Spintronics,explored_evaluator_equipped,exploratory_limited_scope,implemented by GPT-6 Astra,P100-063.original.v1,P100-063.original.v1,https://kondata.uni-konstanz.de/radar/en/dataset/iRRYHMPwMObNsUOM,CC-BY-4.0
P100-064,"Experimental data of manuscript ""Stretchable Light-Emitting Electrochemical Cells Fabricated by Spray-Coating"", Gellner et al.",Flexible optoelectronics,explored_evaluator_equipped,comparative_core,implemented by GPT-6 Astra,P100-064.original.v1,P100-064.original.v1,https://figshare.com/articles/dataset/Experimental_data_of_manuscript_Stretchable_Light-Emitting_Electrochemical_Cells_Fabricated_by_Spray-Coating_Gellner_et_al_/29298161/1,CC BY 4.0
P100-065,Self-injection-locked laser noise,Photonics,explored_evaluator_equipped,exploratory_limited_scope,implemented by GPT-6 Astra,P100-065.original.v1,P100-065.original.v1,https://eprints.soton.ac.uk/497413/,CC-BY-4.0
P100-066,Replication Data for : Boosting hydrogen storage and release in MOF-5 / graphite hybrids via in situ synthesis,Hydrogen storage,explored,exploratory_limited_scope,implemented by GPT-6 Astra,P100-066.continuation.v1,P100-066.original.v1; P100-066.continuation.v1,https://doi.org/10.57745/KR8BIW,etalab 2.0
P100-067,Dataset on settling dynamics of microplastic particles sinking through exopolymer-induced rheological stratification,Environmental fluid mechanics,explored,exploratory_limited_scope,implemented by GPT-6 Astra,P100-067.original.v1,P100-067.original.v1; P100-067.round2.v1,https://data.mendeley.com/datasets/ccm9k8pjft/1,CC BY 4.0
P100-068,Sparse identification of nonlinear dynamics applied to the levitation of acoustically large objects,Nonlinear dynamics,explored_evaluator_equipped,exploratory_limited_scope,implemented by GPT-6 Astra,P100-068.original.v1,P100-068.original.v1,https://zenodo.org/records/16033764,cc-by-4.0
P100-069,"Replication Data for: ""Lubricant Temperature Observer for Gearboxes in Industrial Robots""",Robotics thermodynamics,explored,comparative_core,implemented by GPT-6 Astra,P100-069.continuation.v1,P100-069.original.v1; P100-069.continuation.v1,https://doi.org/10.18419/DARUS-5015,CC BY 4.0
P100-070,Imaging Localized Slip-induced Frictional Heating during Laboratory Earthquakes Using Magnetic Microscopy,Laboratory geophysics,explored_evaluator_equipped,adequacy_falsification_diagnostic,implemented by GPT-6 Astra,P100-070.original.v1,P100-070.original.v1,https://zenodo.org/records/14776881,cc-by-4.0
P100-071,"Dataset Based on Chinese Hamster Ovary (CHO) Cultivations including Turbidity, Permittivity, O2 and CO2 Measurements",Bioprocess engineering,explored,exploratory_limited_scope,implemented by GPT-6 Astra,P100-071.original.v1,P100-071.original.v1; P100-071.round2.v1,https://zenodo.org/records/20829178,cc-by-4.0
P100-072,dataset of the data obtained for publication: Saccharomyces cerevisiae wine strains show a wide range of competitive abilities and differential nutrient uptake behavior in co-culture with S. kudriavzevii,Food microbiology,explored,exploratory_limited_scope,implemented by GPT-6 Astra,P100-072.original.v1,P100-072.original.v1; P100-072.round2.v1; P100-072.round2.v2,https://zenodo.org/records/18757697,cc-by-4.0
P100-073,"Dataset for publication ""Impact of algae species from the Baltic Sea region on ruminal fermentation parameters and Methane Mitigation using an in vitro gas production system""",Animal nutrition,explored,exploratory_limited_scope,implemented by GPT-6 Astra,P100-073.original.v1,P100-073.original.v1; P100-073.round2.v1,https://zenodo.org/records/18335590,cc-by-4.0
P100-074,"Dataset from ""A triangulenum-based biosensor platform for mapping kinase activity in T cells""",Biochemical sensing,explored_evaluator_equipped,exploratory_limited_scope,implemented by GPT-6 Astra,P100-074.original.v1,P100-074.original.v1,https://zenodo.org/records/18911385,cc-by-4.0
P100-075,Substrate Stiffness and Shear Stress Orchestrate Endothelial Inflammation and Remodelling via Mechanosensitive Pathways,Mechanobiology,explored_evaluator_equipped,exploratory_limited_scope,implemented by GPT-6 Astra,P100-075.original.v1,P100-075.original.v1,https://zenodo.org/records/17925228,cc-by-4.0
P100-076,"Dataset accompanying the paper ""Environmental stiffness regulates neuronal maturation via Piezo1-mediated TTR activity""",Cellular neuroscience,explored_evaluator_equipped,comparative_core,implemented by GPT-6 Astra,P100-076.original.v1,P100-076.original.v1,https://zenodo.org/records/12802682,cc-by-4.0
P100-077,ONE-STEP tagging: a versatile method for rapid site-specific integration by simultaneous reagent delivery,Genome engineering,explored_evaluator_equipped,exploratory_limited_scope,implemented by GPT-6 Astra,P100-077.original.v1,P100-077.original.v1,https://zenodo.org/records/15772077,cc-by-4.0
P100-078,"Data for study ""A Multicenter Study to Standardize a Mouse Pneumonia Model with Pseudomonas aeruginosa and Klebsiella pneumoniae for Antibiotic Development""",Preclinical reproducibility,explored,adequacy_falsification_diagnostic,implemented by GPT-6 Astra,P100-078.continuation.v1,P100-078.original.v1; P100-078.continuation.v1,https://zenodo.org/records/15124940,cc-by-4.0
P100-079,Antibiotics Confound Breath-Based Respiratory Disease Detection in Calves - Dataset,Veterinary chemistry,explored_evaluator_equipped,exploratory_limited_scope,implemented by GPT-6 Astra,P100-079.original.v1,P100-079.original.v1,https://zenodo.org/records/17940806,cc-by-4.0
P100-080,Wearable device measurements during stress and exercise,Human physiology,explored_evaluator_equipped,comparative_core,implemented by GPT-6 Astra,P100-080.original.v1,P100-080.original.v1,https://physionet.org/content/wearable-device-dataset/1.0.1/,ODC-By-1.0
P100-081,Methods to Verify and Account for the Carbon and Soil Health Benefits of Agroforestry - Annex to Deliverable 3.5 ( DigitAF EU Project) : Soil Dataset (Machine readable).,Agroforestry,explored_evaluator_equipped,exploratory_limited_scope,implemented by GPT-6 Astra,P100-081.original.v1,P100-081.original.v1,https://zenodo.org/records/21204617,cc-by-4.0
P100-082,Soil respiration dataset for European forest sites evaluating holistic management practices,Forest ecology,explored,comparative_core,implemented by GPT-6 Astra,P100-082.original.v1,P100-082.original.v1; P100-082.round2.v1,https://zenodo.org/records/17519671,cc-by-4.0
P100-083,Hive Monitoring (Apis mellifera and Stingless Bees) and Rainfall Data - Federal University of Ceará (UFC) Apiary - Brazil,Animal ecology,explored,comparative_core,implemented by GPT-6 Astra,P100-083.original.v1,P100-083.original.v1; P100-083.round2.v1; P100-083.round2.v2,https://zenodo.org/records/20399470,cc-by-4.0
P100-084,Experimental dataset on Microstructured cellulose acetate biointerfaces regulate mesenchymal stem cell response and promote osteogenic commitment,Surface mechanics,explored_evaluator_equipped,exploratory_limited_scope,implemented by GPT-6 Astra,P100-084.original.v1,P100-084.original.v1,https://zenodo.org/records/20281797,cc-by-4.0
P100-085,Acetate co-feeding increases Ethylene Glycol assimilation and Glycolic Acid production in Yarrowia lipolytica,Metabolic biotechnology,explored_evaluator_equipped,exploratory_limited_scope,implemented by GPT-6 Astra,P100-085.original.v1,P100-085.original.v1,https://zenodo.org/records/17396158,cc-by-4.0
P100-086,Erythromycin fermentation process dataset,Industrial fermentation,explored,exploratory_limited_scope,implemented by GPT-6 Astra,P100-086.original.v1,P100-086.original.v1; P100-086.continuation.v1,https://zenodo.org/records/14619074,cc-by-4.0
P100-087,"Dataset and computer code for ""The dynamics of cooperation in asymmetric public goods games""",Experimental economics,explored_evaluator_equipped,comparative_core,implemented by GPT-6 Astra,P100-087.original.v1,P100-087.original.v1,https://zenodo.org/records/16918146,cc-by-4.0
P100-088,Release for manuscript submission of Nasioulas et al. 2025,Decision science,explored_evaluator_equipped,comparative_core,implemented by GPT-6 Astra,P100-088.original.v1,P100-088.original.v1,https://zenodo.org/records/17807047,cc-by-4.0
P100-089,Dataset : Contextual influences on risk-taking in children and adults,Behavioral science,explored_evaluator_equipped,comparative_core,implemented by GPT-6 Astra,P100-089.original.v1,P100-089.original.v1,https://zenodo.org/records/15412216,cc-by-4.0
P100-090,Individual locomotor bias drives counterclockwise motion in pedestrian crowds,Pedestrian dynamics,explored_evaluator_equipped,comparative_core,implemented by GPT-6 Astra,P100-090.original.v1,P100-090.original.v1,https://zenodo.org/records/19592341,cc-by-4.0
P100-091,"Measurement dataset and analysis code for ""Measurement-Driven Modeling of End-to-End Latency in an Indoor Private Standalone 5G Network""",Private 5G networking,explored_evaluator_equipped,exploratory_limited_scope,implemented by GPT-6 Astra,P100-091.original.v1,P100-091.original.v1,https://researchdata.tuwien.ac.at/records/hja53-s8y18,cc-by-4.0; mit
P100-092,Bluetooth Low Energy Separate Channel Fingerprinting dataset with Frequency-Scanned Antennas and Monopole,Wireless sensing,explored,exploratory_limited_scope,implemented by GPT-6 Astra,P100-092.original.v1,P100-092.original.v1; P100-092.round2.v1; P100-092.round2.v2,https://zenodo.org/records/14548531,cc-by-4.0
P100-093,"Flow cytometry FCS files: Cell surface VVL staining of MFSD5, SLC30A8 and SLC30A8-D110N-D224N OE cells",Membrane transporter biology,explored_evaluator_equipped,exploratory_limited_scope,implemented by GPT-6 Astra,P100-093.original.v1,P100-093.original.v1,https://zenodo.org/records/14720967,cc-by-4.0
P100-094,"Conductivity Temperature Depth (CTD) Data from Canada-Sweden Arctic Ocean 2025 Expedition on IB Oden, 9 August - 19 September 2025",Physical oceanography,explored_evaluator_equipped,exploratory_limited_scope,implemented by GPT-6 Astra,P100-094.original.v1,P100-094.original.v1,https://zenodo.org/records/17530624,cc-by-4.0
P100-095,"Observational data and model output to ""SNOWstorm (v1.0) - a deep-learning based model for near-surface winds and drifting snow in mountain environments""",Atmospheric boundary layer,explored_evaluator_equipped,exploratory_limited_scope,implemented by GPT-6 Astra,P100-095.original.v1,P100-095.original.v1,https://zenodo.org/records/18670232,cc-by-4.0
P100-096,BikeZ-ETH - A Mass-Cycling Trajectory Dataset from a Controlled Experiment,Cycling dynamics,explored,exploratory_limited_scope,implemented by GPT-6 Astra,P100-096.original.v1,P100-096.original.v1,https://zenodo.org/records/18098714,cc-by-4.0
P100-097,Data of the crowd movement experiment.,Crowd biomechanics,explored_evaluator_equipped,exploratory_limited_scope,implemented by GPT-6 Astra,P100-097.original.v1,P100-097.original.v1,https://zenodo.org/records/14737521,cc-by-4.0
P100-098,Dataset of Kantorovich-Rubinstein-Wasserstein Polytopes of Metric Spaces on up to 6 Points,Combinatorial mathematics,explored_evaluator_equipped,adequacy_falsification_diagnostic,implemented by GPT-6 Astra,P100-098.original.v1,P100-098.original.v1,https://zenodo.org/records/19496811,cc-by-4.0
P100-099,Mouse hippocampal calcium imaging during a context fear memory retrieval task,Hippocampal neuroscience,explored_evaluator_equipped,exploratory_limited_scope,implemented by GPT-6 Astra,P100-099.original.v1,P100-099.original.v1,https://zenodo.org/records/21225888,cc-by-4.0
P100-100,6G-MOBKPI results: Network-layer and radio-related measurements from mobility experiments on the 6G-SANDBOX Málaga platform,Mobile communications,explored,exploratory_limited_scope,implemented by GPT-6 Astra,P100-100.original.v1,P100-100.original.v1; P100-100.round2.v1; P100-100.round2.v2,https://zenodo.org/records/14635635,cc-by-4.0
