model,group,mae,mse,bias
reference,Hex2_05_uM_NR_binding,67944.24583333333,4940253735.217605,-67944.24583333333
reference,Hex2_05uM_DPH_binding,9378.016544117647,140266255.9912864,-9378.016544117647
baseline_persistence,Hex2_05_uM_NR_binding,67944.24583333333,4940253735.217605,-67944.24583333333
baseline_persistence,Hex2_05uM_DPH_binding,9378.016544117647,140266255.9912864,-9378.016544117647
baseline_linear,Hex2_05_uM_NR_binding,82504.84531249998,12310914262.166098,76844.46718749999
baseline_linear,Hex2_05uM_DPH_binding,66775.91850490196,6476777125.702309,65590.08884803922
baseline_langmuir,Hex2_05_uM_NR_binding,67938.02758233127,4939358058.696923,-67938.02758233127
baseline_langmuir,Hex2_05uM_DPH_binding,9374.796883643072,140205268.7841359,-9374.796883643072
baseline_flexible,Hex2_05_uM_NR_binding,53063.95644168762,3050514188.6417904,-53063.95644168762
baseline_flexible,Hex2_05uM_DPH_binding,24635.915697321532,637099741.712857,24461.4257871202
attempt_001_hill,Hex2_05_uM_NR_binding,66069.45340286492,4665865900.091074,-66069.45340286492
attempt_001_hill,Hex2_05uM_DPH_binding,8407.294216503955,122697923.7645768,-8407.294216503955
attempt_002_quenching,Hex2_05_uM_NR_binding,71318.15854532072,5476076230.328408,-71318.15854532072
attempt_002_quenching,Hex2_05uM_DPH_binding,11124.947216398801,178735646.36712265,-11124.947216398801
attempt_003_local,Hex2_05_uM_NR_binding,26271.018873199584,821602247.6177272,-26022.163317495346
attempt_003_local,Hex2_05uM_DPH_binding,9240.943000466745,137724514.6314856,-9240.943000466745
attempt_004_dye_hill,Hex2_05_uM_NR_binding,67937.87380313718,4939338378.122591,-67937.87380313718
attempt_004_dye_hill,Hex2_05uM_DPH_binding,7100.921768090404,102594644.52932787,-7091.258666859426
attempt_005_shrink_local,Hex2_05_uM_NR_binding,55529.09429874572,3308403834.059109,-55529.09429874572
attempt_005_shrink_local,Hex2_05uM_DPH_binding,9042.468871184818,134072928.23570035,-9042.468871184818
