model,development_mae,confirmation_mae,complexity,selected
adiabatic,4.13632593224816,2.662154054340496,0,False
cgl,1.9151087191999152,1.4549354062514956,0,False
persist,2.44977385223454,1.5410072485055333,0,False
rbf,2.2737715252456203,1.3205660208611785,25,False
attempt_001,1.9365275264551123,1.1598119648731413,1,False
attempt_002,2.0052269678501133,1.454533535648218,1,False
attempt_003,1.8683275509415442,1.1741585655728113,2,True
attempt_004,1.8660788782790902,1.1682734925091662,3,False
attempt_005,1.944591731468917,1.320078072062124,3,False
