model,primary_error,prediction_path,sha256,rows,groups,unit
previous/results-v2/flexible,0.02294734816094691,53_manufacturing_screw_friction/research_history/continuation-20260930/results-v2/flexible/predictions.csv.gz,21d9325cca3f9bf26aa781b3c20bddb14cb2e2b0f1dd5a3188f58b3e7a87662b,9895,200,Nm
current/baseline-hgb,0.023133184530865457,53_manufacturing_screw_friction/research_history/continuation-20260930b/baseline-hgb/predictions.csv.gz,f626e5b462576ec8b15ddb8c9cca73fbe3bde2740f31bd96393989ab6a8fd4a0,9895,200,Nm
previous/results-v2/linear,0.023796551782949114,53_manufacturing_screw_friction/research_history/continuation-20260930/results-v2/linear/predictions.csv.gz,73d4ce7298e1a5fb0a875984501268aa4181646f40a054f5dcabdb849761b5e2,9895,200,Nm
previous/results-v2/cycle1,0.024411679777236416,53_manufacturing_screw_friction/research_history/continuation-20260930/results-v2/cycle1/predictions.csv.gz,ce0e207d1430bc20d5f2b77585931f75c530e91f259a2997bdd088357eda3710,9895,200,Nm
previous/results-v2/unconstrained1,0.024411679777236416,53_manufacturing_screw_friction/research_history/continuation-20260930/results-v2/unconstrained1/predictions.csv.gz,ce0e207d1430bc20d5f2b77585931f75c530e91f259a2997bdd088357eda3710,9895,200,Nm
previous/results-v2/cycle2,0.024436610606348556,53_manufacturing_screw_friction/research_history/continuation-20260930/results-v2/cycle2/predictions.csv.gz,9d1b043711a89d0e7724b2bcb2b9d4bba40866b014aafd79b5abd05e1ffba9b1,9895,200,Nm
previous/results-v2/unconstrained2,0.024436610606348556,53_manufacturing_screw_friction/research_history/continuation-20260930/results-v2/unconstrained2/predictions.csv.gz,9d1b043711a89d0e7724b2bcb2b9d4bba40866b014aafd79b5abd05e1ffba9b1,9895,200,Nm
previous/results-v2/simple,0.024504386083455062,53_manufacturing_screw_friction/research_history/continuation-20260930/results-v2/simple/predictions.csv.gz,c7b75edb72fe1dc7c1472da4173096cac7bd0952c8f766589322fead1cb93e10,9895,200,Nm
current/cycle-001,0.02652550423735364,53_manufacturing_screw_friction/research_history/continuation-20260930b/cycle-001/predictions.csv.gz,27c4c660cc80e39e01ce576fe094f069c75387d2c73bdb143489f8128b69a310,9895,200,Nm
