model,primary_error,mean_group_absolute_error,mean_group_rmse,mean_group_bias,groups,scored_rows,assigned_rows,primary_units
reference,0.10969556081805203,0.10969556081805203,0.16040865345817018,-0.008801826018406613,1,16966,16966,kWh/kWp
mechanistic_reference,0.10969556081805203,0.10969556081805203,0.16040865345817018,-0.008801826018406613,1,16966,16966,kWh/kWp
attempt_001,0.1530525937394459,0.1530525937394459,0.1952315226727157,-0.010984853863809825,1,16966,16966,kWh/kWp
attempt_002,0.15472797158331245,0.15472797158331245,0.19796203976353613,-0.021590878982734655,1,16966,16966,kWh/kWp
attempt_003,0.15171316476325197,0.15171316476325197,0.19468529687245217,-0.00855142411748869,1,16966,16966,kWh/kWp
attempt_004,0.13990115568846317,0.13990115568846317,0.18530625544995682,0.003712767754288004,1,16966,16966,kWh/kWp
attempt_005,0.10951466856329044,0.10951466856329044,0.15994000797372804,-0.010630709631092698,1,16966,16966,kWh/kWp
attempt_006,0.13990115568846317,0.13990115568846317,0.18530625544995682,0.003712767754288004,1,16966,16966,kWh/kWp
attempt_007,0.10969556081805203,0.10969556081805203,0.16040865345817018,-0.008801826018406613,1,16966,16966,kWh/kWp
baseline_mean,0.2421881757892087,0.2421881757892087,0.2700225568029955,-0.02839381886242742,1,16966,16966,kWh/kWp
baseline_domain,0.1567929474261182,0.1567929474261182,0.20228574605659502,-0.02139104731797395,1,16966,16966,kWh/kWp
baseline_rbf,0.12991606504219438,0.12991606504219438,0.17486712597160797,0.01279061653720265,1,16966,16966,kWh/kWp
attempt_008,0.13990115568846317,0.13990115568846317,0.18530625544995682,0.003712767754288004,1,16966,16966,kWh/kWp
attempt_009,0.10969556081805203,0.10969556081805203,0.16040865345817018,-0.008801826018406613,1,16966,16966,kWh/kWp
