model,group,mae,rmse,bias,primary_error,rows
candidate,TC3.2_multiple_traffic_flows_modelA_iteration3.csv,4.058766305111565,5.070282081477752,0.0018989952533723963,4.058766305111565,6584
candidate,TC3.2_multiple_traffic_flows_modelB_iteration3.csv,1.2487561469135868,1.673062640420615,0.07496619904084734,1.2487561469135868,6585
candidate,TC3.2_traffic_load_packet_length_variation_modelA_iteration3.csv,6.991970077495484,9.588051966066383,-0.4368993133448379,6.991970077495484,6609
candidate,TC3.2_traffic_load_packet_length_variation_modelB_iteration3.csv,1.503886191122521,2.0449088508600903,-0.2770405882668497,1.503886191122521,6593
candidate,TC3.2_traffic_load_variation_modelA_iteration3.csv,4.854333376940987,6.189851751313277,-2.1743748997167414,4.854333376940987,1320
compact,TC3.2_multiple_traffic_flows_modelA_iteration3.csv,4.376410722120352,5.484758513115533,-1.810902415888401,4.376410722120352,6584
compact,TC3.2_multiple_traffic_flows_modelB_iteration3.csv,1.2844345304096427,1.7055270728677323,0.32958512358830255,1.2844345304096427,6585
compact,TC3.2_traffic_load_packet_length_variation_modelA_iteration3.csv,8.548945011487294,11.340395259013373,1.0575824660623458,8.548945011487294,6609
compact,TC3.2_traffic_load_packet_length_variation_modelB_iteration3.csv,1.5395494682942947,2.0860366275941873,-0.39407878141994096,1.5395494682942947,6593
compact,TC3.2_traffic_load_variation_modelA_iteration3.csv,4.280049223394999,5.350167468046127,0.23927129616977727,4.280049223394999,1320
flexible,TC3.2_multiple_traffic_flows_modelA_iteration3.csv,4.058766305111565,5.070282081477752,0.0018989952533723963,4.058766305111565,6584
flexible,TC3.2_multiple_traffic_flows_modelB_iteration3.csv,1.2487561469135868,1.673062640420615,0.07496619904084734,1.2487561469135868,6585
flexible,TC3.2_traffic_load_packet_length_variation_modelA_iteration3.csv,6.991970077495484,9.588051966066383,-0.4368993133448379,6.991970077495484,6609
flexible,TC3.2_traffic_load_packet_length_variation_modelB_iteration3.csv,1.503886191122521,2.0449088508600903,-0.2770405882668497,1.503886191122521,6593
flexible,TC3.2_traffic_load_variation_modelA_iteration3.csv,4.854333376940987,6.189851751313277,-2.1743748997167414,4.854333376940987,1320
throughput_only,TC3.2_multiple_traffic_flows_modelA_iteration3.csv,4.879427332462007,6.086188849650661,-2.8724841799090806,4.879427332462007,6584
throughput_only,TC3.2_multiple_traffic_flows_modelB_iteration3.csv,1.284131633534056,1.7053285131863818,0.33441303419268825,1.284131633534056,6585
throughput_only,TC3.2_traffic_load_packet_length_variation_modelA_iteration3.csv,8.67861218774133,11.506878829405068,-0.11268760099505955,8.67861218774133,6609
throughput_only,TC3.2_traffic_load_packet_length_variation_modelB_iteration3.csv,1.5689563663087993,2.1239955920119424,-0.3989066927190016,1.5689563663087993,6593
throughput_only,TC3.2_traffic_load_variation_modelA_iteration3.csv,4.9345561755784955,6.032446763302759,2.4692780783348103,4.9345561755784955,1320
