group,primary_error,bias,rmse,p95_absolute_error,scored_rows,model
A2_St025,0.267233744874853,-0.010591716226477903,0.39032695246424604,0.9136644580772038,2205,reference
A2_St025,0.267233744874853,-0.010591716226477903,0.39032695246424604,0.9136644580772038,2205,compact_candidate
A2_St025,0.27330717184216113,-0.0887921640362695,0.36055793141803505,0.749818630978285,2205,background_gaussian
A2_St025,0.27330717184216113,-0.0887921640362695,0.36055793141803505,0.749818630978285,2205,elliptical
A2_St025,0.2731573448653556,-0.08561935987697772,0.3604481661268151,0.7359442433917791,2205,act_amplitude
A2_St025,0.2796102195245252,-0.09512030927589661,0.36679952097784035,0.7426796948763337,2205,act_width
A2_St025,0.2721160296735285,-0.07782037859900594,0.3607918351945026,0.7258674531188165,2205,act_quadratic
A2_St025,0.232070861495327,0.009845751499650337,0.33273477656896544,0.7905133417965446,2205,anisotropic_act
A2_St025,0.267233744874853,-0.010591716226477903,0.39032695246424604,0.9136644580772038,2205,supergaussian
A2_St025,0.4044682169490246,0.022314251806160895,0.5898834465046018,1.1376340001367544,2205,ridge_spatial
A2_St025,0.3262597484720866,-0.06994737432767417,0.41197081518331324,0.7955409767111508,2205,legacy_reference
