sample_id,group,partition,source_anchor
P-NWC-A:row41,P-NWC-A,development,graphs!row41:columns18-19
P-NWC-A:row42,P-NWC-A,development,graphs!row42:columns18-19
P-NWC-A:row43,P-NWC-A,development,graphs!row43:columns18-19
P-NWC-A:row44,P-NWC-A,development,graphs!row44:columns18-19
P-NWC-A:row45,P-NWC-A,development,graphs!row45:columns18-19
P-NWC-A:row46,P-NWC-A,development,graphs!row46:columns18-19
P-NWC-A:row47,P-NWC-A,development,graphs!row47:columns18-19
P-NWC-A:row48,P-NWC-A,development,graphs!row48:columns18-19
P-NWC-A:row49,P-NWC-A,development,graphs!row49:columns18-19
P-NWC-A:row50,P-NWC-A,development,graphs!row50:columns18-19
P-NWC-A:row51,P-NWC-A,development,graphs!row51:columns18-19
P-NWC-A:row52,P-NWC-A,development,graphs!row52:columns18-19
P-NWC-A:row53,P-NWC-A,development,graphs!row53:columns18-19
P-NWC-A:row54,P-NWC-A,development,graphs!row54:columns18-19
P-NWC-A:row55,P-NWC-A,development,graphs!row55:columns18-19
P-NWC-A:row56,P-NWC-A,development,graphs!row56:columns18-19
P-NWC-A:row57,P-NWC-A,development,graphs!row57:columns18-19
P-NWC-A:row58,P-NWC-A,development,graphs!row58:columns18-19
P-NWC-A:row59,P-NWC-A,development,graphs!row59:columns18-19
P-NWC-A:row60,P-NWC-A,development,graphs!row60:columns18-19
P-NWC-A:row61,P-NWC-A,development,graphs!row61:columns18-19
P-NWC-A:row62,P-NWC-A,development,graphs!row62:columns18-19
P-NWC-A:row63,P-NWC-A,development,graphs!row63:columns18-19
P-NWC-A:row64,P-NWC-A,development,graphs!row64:columns18-19
P-NWC-A:row65,P-NWC-A,development,graphs!row65:columns18-19
P-NWC-B:row41,P-NWC-B,development,graphs!row41:columns21-22
P-NWC-B:row42,P-NWC-B,development,graphs!row42:columns21-22
P-NWC-B:row43,P-NWC-B,development,graphs!row43:columns21-22
P-NWC-B:row44,P-NWC-B,development,graphs!row44:columns21-22
P-NWC-B:row45,P-NWC-B,development,graphs!row45:columns21-22
P-NWC-B:row46,P-NWC-B,development,graphs!row46:columns21-22
P-NWC-B:row47,P-NWC-B,development,graphs!row47:columns21-22
P-NWC-B:row48,P-NWC-B,development,graphs!row48:columns21-22
P-NWC-B:row49,P-NWC-B,development,graphs!row49:columns21-22
P-NWC-B:row50,P-NWC-B,development,graphs!row50:columns21-22
P-NWC-B:row51,P-NWC-B,development,graphs!row51:columns21-22
P-NWC-B:row52,P-NWC-B,development,graphs!row52:columns21-22
P-NWC-B:row53,P-NWC-B,development,graphs!row53:columns21-22
P-NWC-B:row54,P-NWC-B,development,graphs!row54:columns21-22
P-NWC-B:row55,P-NWC-B,development,graphs!row55:columns21-22
P-NWC-B:row56,P-NWC-B,development,graphs!row56:columns21-22
P-NWC-B:row57,P-NWC-B,development,graphs!row57:columns21-22
P-NWC-B:row58,P-NWC-B,development,graphs!row58:columns21-22
P-NWC-B:row59,P-NWC-B,development,graphs!row59:columns21-22
P-NWC-B:row60,P-NWC-B,development,graphs!row60:columns21-22
P-NWC-B:row61,P-NWC-B,development,graphs!row61:columns21-22
P-NWC-B:row62,P-NWC-B,development,graphs!row62:columns21-22
P-NWC-B:row63,P-NWC-B,development,graphs!row63:columns21-22
P-NWC-B:row64,P-NWC-B,development,graphs!row64:columns21-22
P-NWC-B:row65,P-NWC-B,development,graphs!row65:columns21-22
P-NWC-B:row66,P-NWC-B,development,graphs!row66:columns21-22
P-NWC-B:row67,P-NWC-B,development,graphs!row67:columns21-22
P-NWC-B:row68,P-NWC-B,development,graphs!row68:columns21-22
P-NWC-C:row36,P-NWC-C,confirmation,graphs!row36:columns24-25
P-NWC-C:row37,P-NWC-C,confirmation,graphs!row37:columns24-25
P-NWC-C:row38,P-NWC-C,confirmation,graphs!row38:columns24-25
P-NWC-C:row39,P-NWC-C,confirmation,graphs!row39:columns24-25
P-NWC-C:row40,P-NWC-C,confirmation,graphs!row40:columns24-25
P-NWC-C:row41,P-NWC-C,confirmation,graphs!row41:columns24-25
P-NWC-C:row42,P-NWC-C,confirmation,graphs!row42:columns24-25
P-NWC-C:row43,P-NWC-C,confirmation,graphs!row43:columns24-25
P-NWC-C:row44,P-NWC-C,confirmation,graphs!row44:columns24-25
P-NWC-C:row45,P-NWC-C,confirmation,graphs!row45:columns24-25
P-NWC-C:row46,P-NWC-C,confirmation,graphs!row46:columns24-25
P-NWC-C:row47,P-NWC-C,confirmation,graphs!row47:columns24-25
P-NWC-C:row48,P-NWC-C,confirmation,graphs!row48:columns24-25
P-NWC-C:row49,P-NWC-C,confirmation,graphs!row49:columns24-25
P-NWC-C:row50,P-NWC-C,confirmation,graphs!row50:columns24-25
P-NWC-C:row51,P-NWC-C,confirmation,graphs!row51:columns24-25
P-NWC-C:row52,P-NWC-C,confirmation,graphs!row52:columns24-25
P-NWC-C:row53,P-NWC-C,confirmation,graphs!row53:columns24-25
P-NWC-C:row54,P-NWC-C,confirmation,graphs!row54:columns24-25
P-NWC-C:row55,P-NWC-C,confirmation,graphs!row55:columns24-25
P-NWC-C:row56,P-NWC-C,confirmation,graphs!row56:columns24-25
P-NWC-C:row57,P-NWC-C,confirmation,graphs!row57:columns24-25
P-NWC-C:row58,P-NWC-C,confirmation,graphs!row58:columns24-25
P-NWC-C:row59,P-NWC-C,confirmation,graphs!row59:columns24-25
P-NWC-C:row60,P-NWC-C,confirmation,graphs!row60:columns24-25
P-LWC-A:row22,P-LWC-A,development,graphs!row22:columns27-28
P-LWC-A:row23,P-LWC-A,development,graphs!row23:columns27-28
P-LWC-A:row24,P-LWC-A,development,graphs!row24:columns27-28
P-LWC-A:row25,P-LWC-A,development,graphs!row25:columns27-28
P-LWC-A:row26,P-LWC-A,development,graphs!row26:columns27-28
P-LWC-A:row27,P-LWC-A,development,graphs!row27:columns27-28
P-LWC-A:row28,P-LWC-A,development,graphs!row28:columns27-28
P-LWC-A:row29,P-LWC-A,development,graphs!row29:columns27-28
P-LWC-A:row30,P-LWC-A,development,graphs!row30:columns27-28
P-LWC-A:row31,P-LWC-A,development,graphs!row31:columns27-28
P-LWC-B:row18,P-LWC-B,development,graphs!row18:columns30-31
P-LWC-B:row19,P-LWC-B,development,graphs!row19:columns30-31
P-LWC-B:row20,P-LWC-B,development,graphs!row20:columns30-31
P-LWC-B:row21,P-LWC-B,development,graphs!row21:columns30-31
P-LWC-B:row22,P-LWC-B,development,graphs!row22:columns30-31
P-LWC-B:row23,P-LWC-B,development,graphs!row23:columns30-31
P-LWC-B:row24,P-LWC-B,development,graphs!row24:columns30-31
P-LWC-B:row25,P-LWC-B,development,graphs!row25:columns30-31
P-LWC-B:row26,P-LWC-B,development,graphs!row26:columns30-31
P-LWC-B:row27,P-LWC-B,development,graphs!row27:columns30-31
P-LWC-B:row28,P-LWC-B,development,graphs!row28:columns30-31
P-LWC-B:row29,P-LWC-B,development,graphs!row29:columns30-31
P-LWC-B:row30,P-LWC-B,development,graphs!row30:columns30-31
P-LWC-C:row24,P-LWC-C,confirmation,graphs!row24:columns33-34
P-LWC-C:row25,P-LWC-C,confirmation,graphs!row25:columns33-34
P-LWC-C:row26,P-LWC-C,confirmation,graphs!row26:columns33-34
P-LWC-C:row27,P-LWC-C,confirmation,graphs!row27:columns33-34
P-LWC-C:row28,P-LWC-C,confirmation,graphs!row28:columns33-34
P-LWC-C:row29,P-LWC-C,confirmation,graphs!row29:columns33-34
P-LWC-C:row30,P-LWC-C,confirmation,graphs!row30:columns33-34
P-LWC-C:row31,P-LWC-C,confirmation,graphs!row31:columns33-34
P-LWC-C:row32,P-LWC-C,confirmation,graphs!row32:columns33-34
P-LWC-C:row33,P-LWC-C,confirmation,graphs!row33:columns33-34
P-LWC-C:row34,P-LWC-C,confirmation,graphs!row34:columns33-34
P-LWC-C:row35,P-LWC-C,confirmation,graphs!row35:columns33-34
P-LWC-C:row36,P-LWC-C,confirmation,graphs!row36:columns33-34
P-LWC-C:row37,P-LWC-C,confirmation,graphs!row37:columns33-34
P-LWC-C:row38,P-LWC-C,confirmation,graphs!row38:columns33-34
P-LWC-C:row39,P-LWC-C,confirmation,graphs!row39:columns33-34
P-LWC-C:row40,P-LWC-C,confirmation,graphs!row40:columns33-34
P-LWC-C:row41,P-LWC-C,confirmation,graphs!row41:columns33-34
P-LWC-C:row42,P-LWC-C,confirmation,graphs!row42:columns33-34
P-LWC-C:row43,P-LWC-C,confirmation,graphs!row43:columns33-34
