case_id,title,domain,data_origin,source_folder,reference_folder,audit_card,baseline_label,default_task,task_ids,default_tier,predictive_ready,outcome_exposure
P100-001,OEIS daily sequence corpus,mathematics,curated_mathematical_reference,scenarios/01_mathematics_oeis_daily_sequences,reference/cases/P100-001,reference/quality/cases/P100-001.md,implemented by GPT-6 Astra,P100-001.original.v1,P100-001.original.v1,comparative_core,True,exposed
P100-002,MAST TARS TESS Sector 96 light curves and vetting images,astronomy,measured_or_observed,scenarios/02_astronomy_mast_tars_sector96,reference/cases/P100-002,reference/quality/cases/P100-002.md,implemented by GPT-6 Astra,P100-002.original.v1,P100-002.original.v1,exploratory_limited_scope,True,exposed
P100-003,GWOSC O4a H1 strain and detector-quality masks,physics,measured_or_observed,scenarios/03_physics_gwosc_o4a_h1_strain,reference/cases/P100-003,reference/quality/cases/P100-003.md,implemented by GPT-6 Astra,P100-003.original.v1,P100-003.original.v1,exploratory_limited_scope,True,exposed
P100-004,ATLAS 2015 four-lepton open data across run periods,particle physics,measured_or_observed,scenarios/04_particle_physics_atlas_4lep_2015,reference/cases/P100-004,reference/quality/cases/P100-004.md,implemented by GPT-6 Astra,P100-004.original.v1,P100-004.original.v1,exploratory_limited_scope,True,exposed
P100-005,"Dataset for ""A Computational Search for Minimal Obstruction Graphs for the Lovász-Schrijver SDP Hierarchy""",Combinatorial optimization,computational_experiment,scenarios/05_mathematics_graph_certificates,reference/cases/P100-005,reference/quality/cases/P100-005.md,implemented by GPT-6 Astra,P100-005.original.v1,P100-005.original.v1,adequacy_falsification_diagnostic,True,exposed
P100-006,NIST Rydberg atom RF sensing: ionization-current versus optical readout,atomic physics,measured_or_observed,scenarios/06_physics_nist_rydberg_rf_sensing,reference/cases/P100-006,reference/quality/cases/P100-006.md,implemented by GPT-6 Astra,P100-006.original.v1,P100-006.original.v1,exploratory_limited_scope,True,exposed
P100-007,"Multimodal gait EEG, EMG, and force-plate data for participant S1",neuroscience,measured_or_observed,scenarios/07_neuroscience_physionet_gait_s1,reference/cases/P100-007,reference/quality/cases/P100-007.md,implemented by GPT-6 Astra,P100-007.original.v1,P100-007.original.v1,exploratory_limited_scope,True,exposed
P100-008,EA1141 paired breast MR and mammography DICOM series,medical imaging,measured_or_observed,scenarios/08_medical_imaging_tcia_ea1141,reference/cases/P100-008,reference/quality/cases/P100-008.md,implemented by GPT-6 Astra,,,adequacy_falsification_diagnostic,False,exposed
P100-009,"DANDI 001176 acetylcholine, axon imaging, pupil, and behavior NWB sessions",neuroscience,measured_or_observed,scenarios/09_neuroscience_dandi_001176,reference/cases/P100-009,reference/quality/cases/P100-009.md,implemented by GPT-6 Astra,P100-009.original.v1,P100-009.original.v1,exploratory_limited_scope,True,exposed
P100-010,NVD recent CVE JSON 2.0 snapshot,cybersecurity,measured_or_observed,scenarios/10_computer_security_nvd_recent_snapshot,reference/cases/P100-010,reference/quality/cases/P100-010.md,implemented by GPT-6 Astra,P100-010.original.v1,P100-010.original.v1,adequacy_falsification_diagnostic,True,exposed
P100-011,MLPerf Inference v6.0 summary results,artificial intelligence,computational_experiment,scenarios/11_ai_mlperf_inference_v6_0,reference/cases/P100-011,reference/quality/cases/P100-011.md,implemented by GPT-6 Astra,P100-011.original.v1,P100-011.original.v1,comparative_core,True,exposed
P100-012,NIST 200 mm hafnia-on-silicon wafer metrology collection,semiconductors,measured_or_observed,scenarios/12_semiconductor_nist_hafnia_wafer,reference/cases/P100-012,reference/quality/cases/P100-012.md,implemented by GPT-6 Astra,P100-012.original.v1,P100-012.original.v1,exploratory_limited_scope,True,exposed
P100-013,NIST encapsulant cure kinetics multimethod workbooks,materials science,measured_or_observed,scenarios/13_materials_nist_encapsulant_cure,reference/cases/P100-013,reference/quality/cases/P100-013.md,implemented by GPT-6 Astra,P100-013.original.v1,P100-013.original.v1,exploratory_limited_scope,True,exposed
P100-014,Census HTOPS Household Pulse March and May 2026 public-use files,sociology,measured_or_observed,scenarios/14_sociology_census_htops_2026,reference/cases/P100-014,reference/quality/cases/P100-014.md,implemented by GPT-6 Astra,P100-014.original.v1,P100-014.original.v1,comparative_core,True,exposed
P100-015,Federal Reserve 2025 SHED public-use microdata,economics,measured_or_observed,scenarios/15_economics_federal_reserve_shed_2025,reference/cases/P100-015,reference/quality/cases/P100-015.md,implemented by GPT-6 Astra,P100-015.original.v1,P100-015.original.v1,comparative_core,True,exposed
P100-016,BLS CPI and CES selected bulk time-series files,economics,measured_or_observed,scenarios/16_economics_bls_cpi_ces_2026,reference/cases/P100-016,reference/quality/cases/P100-016.md,implemented by GPT-6 Astra,P100-016.original.v1,P100-016.original.v1,exploratory_limited_scope,True,exposed
P100-017,USGS ComCat July 2026 global M2.5+ earthquakes,geography,measured_or_observed,scenarios/17_geography_usgs_comcat_2026_07,reference/cases/P100-017,reference/quality/cases/P100-017.md,implemented by GPT-6 Astra,P100-017.original.v1,P100-017.original.v1,comparative_core,True,exposed
P100-018,"NOAA Storm Events 2025 details, fatalities, and locations",climate,measured_or_observed,scenarios/18_climate_noaa_storm_events_2025,reference/cases/P100-018,reference/quality/cases/P100-018.md,implemented by GPT-6 Astra,P100-018.original.v1,P100-018.original.v1,comparative_core,True,exposed
P100-019,"NHTSA complaints, recalls, investigations, and manufacturer communications",transportation,measured_or_observed,scenarios/19_transport_nhtsa_safety_2025_2026,reference/cases/P100-019,reference/quality/cases/P100-019.md,implemented by GPT-6 Astra,P100-019.original.v1,P100-019.original.v1,exploratory_limited_scope,True,exposed
P100-020,NOAA Coral Reef Watch global 5 km sea-surface temperature anomaly,oceanography,measured_or_observed,scenarios/20_ocean_noaa_coral_ssta_20260816,reference/cases/P100-020,reference/quality/cases/P100-020.md,implemented by GPT-6 Astra,P100-020.original.v1,P100-020.original.v1,adequacy_falsification_diagnostic,True,exposed
P100-021,Josephson junction fabrication and characterization,semiconductor fabrication,measured_or_observed,scenarios/21_semiconductor_heidelberg_josephson,reference/cases/P100-021,reference/quality/cases/P100-021.md,implemented by GPT-6 Astra,P100-021.original.v1,P100-021.original.v1,exploratory_limited_scope,True,exposed
P100-022,Lead-free perovskite memristors,electronic devices,mixed_measured_and_computational,scenarios/22_electronics_perovskite_memristors,reference/cases/P100-022,reference/quality/cases/P100-022.md,implemented by GPT-6 Astra,P100-022.original.v1,P100-022.original.v1,comparative_core,True,exposed
P100-023,Finger-pad friction during viscous liquid spreading,tribology and biomechanics,measured_or_observed,scenarios/23_tribology_inm_finger_liquid,reference/cases/P100-023,reference/quality/cases/P100-023.md,implemented by GPT-6 Astra,P100-023.continuation.v1,P100-023.original.v1;P100-023.continuation.v1,exploratory_limited_scope,True,exposed
P100-024,Glass-fiber composite fatigue under different cure profiles,structural materials,measured_or_observed,scenarios/24_materials_dtu_composite_fatigue,reference/cases/P100-024,reference/quality/cases/P100-024.md,implemented by GPT-6 Astra,P100-024.original.v1,P100-024.original.v1;P100-024.round2.v1,comparative_core,True,exposed
P100-025,Operando XAS and battery electrochemistry,battery electrochemistry,measured_or_observed,scenarios/25_electrochemistry_operando_xas,reference/cases/P100-025,reference/quality/cases/P100-025.md,implemented by GPT-6 Astra,P100-025.original.v1,P100-025.original.v1,comparative_core,True,exposed
P100-026,Silver zeolite methanol dehydrogenation experiments,catalysis,measured_or_observed,scenarios/26_chemistry_ag_zeolite_catalysis,reference/cases/P100-026,reference/quality/cases/P100-026.md,implemented by GPT-6 Astra,P100-026.original.v1,P100-026.original.v1,exploratory_limited_scope,True,exposed
P100-027,KTH boiling two-phase water flow,thermal-fluid engineering,measured_or_observed,scenarios/27_fluid_dynamics_kth_boiling,reference/cases/P100-027,reference/quality/cases/P100-027.md,implemented by GPT-6 Astra,P100-027.original.v1,P100-027.original.v1;P100-027.round2.v1,exploratory_limited_scope,True,exposed
P100-028,Inverse parametric microwave scattering,microwave physics,mixed_measured_and_computational,scenarios/28_physics_parametric_microwave,reference/cases/P100-028,reference/quality/cases/P100-028.md,implemented by GPT-6 Astra,P100-028.original.v1,P100-028.original.v1,comparative_core,True,exposed
P100-029,Confinement and catalysis in designed peptide barrels,molecular biophysics,mixed_measured_and_computational,scenarios/29_biophysics_peptide_barrels,reference/cases/P100-029,reference/quality/cases/P100-029.md,implemented by GPT-6 Astra,P100-029.original.v1,P100-029.original.v1,exploratory_limited_scope,True,exposed
P100-030,Particle size and surface modification of hBN lubricants,nanomaterials and surface science,measured_or_observed,scenarios/30_nanomaterials_hbn_lubricants,reference/cases/P100-030,reference/quality/cases/P100-030.md,implemented by GPT-6 Astra,P100-030.original.v1,P100-030.original.v1,exploratory_limited_scope,True,exposed
P100-031,Quantum circuit compilation benchmark experiments,quantum computing,computational_experiment,scenarios/31_quantum_computing_ibm_benchpress,reference/cases/P100-031,reference/quality/cases/P100-031.md,implemented by GPT-6 Astra,P100-031.original.v1,P100-031.original.v1,exploratory_limited_scope,True,exposed
P100-032,CPAP respiratory pressure measurements,respiratory medicine,measured_or_observed,scenarios/32_medicine_cpap_pressure,reference/cases/P100-032,reference/quality/cases/P100-032.md,implemented by GPT-6 Astra,P100-032.original.v1,P100-032.original.v1,comparative_core,True,exposed
P100-033,Smartphone PPG with ECG reference and acquisition disturbances,biomedical sensing,measured_or_observed,scenarios/33_biomedical_but_smartphone_ppg,reference/cases/P100-033,reference/quality/cases/P100-033.md,implemented by GPT-6 Astra,P100-033.original.v1,P100-033.original.v1,exploratory_limited_scope,True,exposed
P100-034,Presynaptic Unc13 calcium-dose response,synaptic neuroscience,measured_or_observed,scenarios/34_neuroscience_unc13_calcium,reference/cases/P100-034,reference/quality/cases/P100-034.md,implemented by GPT-6 Astra,P100-034.original.v1,P100-034.original.v1,comparative_core,True,exposed
P100-035,Ungulate vocalizations and production context,bioacoustics and animal welfare,measured_or_observed,scenarios/35_bioacoustics_ungulate_calls,reference/cases/P100-035,reference/quality/cases/P100-035.md,implemented by GPT-6 Astra,P100-035.original.v1,P100-035.original.v1,comparative_core,True,exposed
P100-036,Dwarf tomato stress imaging and phenotypic measurements,plant physiology and agriculture,measured_or_observed,scenarios/36_plant_biology_tomato_stress,reference/cases/P100-036,reference/quality/cases/P100-036.md,implemented by GPT-6 Astra,P100-036.original.v1,P100-036.original.v1,comparative_core,True,exposed
P100-037,Carrier-router power under packet and load changes,computer networking,measured_or_observed,scenarios/37_networks_router_power,reference/cases/P100-037,reference/quality/cases/P100-037.md,implemented by GPT-6 Astra,P100-037.original.v1,P100-037.original.v1;P100-037.round2.v1,comparative_core,True,exposed
P100-038,Drone telemetry and rural 5G radio measurements,wireless communications,measured_or_observed,scenarios/38_communications_rural_drone5g,reference/cases/P100-038,reference/quality/cases/P100-038.md,implemented by GPT-6 Astra,P100-038.original.v1,P100-038.original.v1,exploratory_limited_scope,True,exposed
P100-039,"Adult skills, workplace use and earnings in USA and Japan",sociology and labor economics,measured_or_observed,scenarios/39_sociology_oecd_piaac,reference/cases/P100-039,reference/quality/cases/P100-039.md,implemented by GPT-6 Astra,P100-039.original.v1,P100-039.original.v1,comparative_core,True,exposed
P100-040,New York City green-taxi trips in 2025,urban transportation,measured_or_observed,scenarios/40_transport_nyc_green_taxi_2025,reference/cases/P100-040,reference/quality/cases/P100-040.md,implemented by GPT-6 Astra,P100-040.original.v1,P100-040.original.v1,exploratory_limited_scope,True,exposed
P100-041,Hourly electric-grid balance and forecasts,electric-power systems,measured_or_observed,scenarios/41_energy_eia930_grid_2025,reference/cases/P100-041,reference/quality/cases/P100-041.md,implemented by GPT-6 Astra,P100-041.original.v1,P100-041.original.v1,exploratory_limited_scope,True,exposed
P100-042,National Age-Friendly Banking Survey,financial inclusion,measured_or_observed,scenarios/42_economics_cfpb_banking,reference/cases/P100-042,reference/quality/cases/P100-042.md,implemented by GPT-6 Astra,P100-042.original.v1,P100-042.original.v1,exploratory_limited_scope,True,exposed
P100-043,Gemstones language-model training trajectories,AI training dynamics,computational_experiment,scenarios/43_ai_gemstones_training,reference/cases/P100-043,reference/quality/cases/P100-043.md,implemented by GPT-6 Astra,P100-043.original.v1,P100-043.original.v1,comparative_core,True,exposed
P100-044,QOBLIB degree-constrained graph topology solver trajectories,mathematical optimization,computational_experiment,scenarios/44_mathematics_qoblib_topology,reference/cases/P100-044,reference/quality/cases/P100-044.md,implemented by GPT-6 Astra,P100-044.original.v1,P100-044.original.v1,comparative_core,True,exposed
P100-045,Fermi GBM GRB250206A spectra and responses,astronomy,measured_or_observed,scenarios/45_astronomy_fermi_grb250206a,reference/cases/P100-045,reference/quality/cases/P100-045.md,implemented by GPT-6 Astra,P100-045.original.v1,P100-045.original.v1,exploratory_limited_scope,True,exposed
P100-046,MMS1 magnetic field and plasma moments on 2025-06-01,space-plasma physics,measured_or_observed,scenarios/46_space_physics_mms1_plasma,reference/cases/P100-046,reference/quality/cases/P100-046.md,implemented by GPT-6 Astra,P100-046.original.v1,P100-046.original.v1,exploratory_limited_scope,True,exposed
P100-047,Two GO-BGC Argo float lifetimes and metadata,ocean biogeochemistry,measured_or_observed,scenarios/47_ocean_argo_biogeochemistry,reference/cases/P100-047,reference/quality/cases/P100-047.md,implemented by GPT-6 Astra,P100-047.original.v1,P100-047.original.v1,comparative_core,True,exposed
P100-048,SURFRAD radiation and weather across two sites and seasons,atmospheric science,measured_or_observed,scenarios/48_atmosphere_noaa_surfrad_2026,reference/cases/P100-048,reference/quality/cases/P100-048.md,implemented by GPT-6 Astra,P100-048.original.v1,P100-048.original.v1,comparative_core,True,exposed
P100-049,DLR lithium-graphite cell GITT and quasi-open-circuit measurements,battery diagnostics and laboratory data integration,measured_or_observed,scenarios/49_battery_dlr_native_exports,reference/cases/P100-049,reference/quality/cases/P100-049.md,implemented by GPT-6 Astra,P100-049.original.v1,P100-049.original.v1,exploratory_limited_scope,True,exposed
P100-050,USGS debris-flow gate-release laser measurements,geotechnical monitoring,measured_or_observed,scenarios/50_geotechnical_usgs_flume,reference/cases/P100-050,reference/quality/cases/P100-050.md,implemented by GPT-6 Astra,P100-050.original.v1,P100-050.original.v1,exploratory_limited_scope,True,exposed
P100-051,"Data set for ""Non-volatile memories based on patterned metal–semiconductor heterostructures of niobium disulfide and molybdenum disulfide""",Semiconductor memories,mixed_measured_and_computational,scenarios/51_semiconductor_heterostructure_memories,reference/cases/P100-051,reference/quality/cases/P100-051.md,implemented by GPT-6 Astra,P100-051.original.v1,P100-051.original.v1,comparative_core,True,exposed
P100-052,Data Supplement for 'Dynamic induction control for mitigation of wake-induced power losses: a wind tunnel study under different inflow conditions',Wind energy,mixed_measured_and_computational,scenarios/52_energy_wind_induction_control,reference/cases/P100-052,reference/quality/cases/P100-052.md,implemented by GPT-6 Astra,P100-052.original.v1,P100-052.original.v1;P100-052.continuation.v1,exploratory_limited_scope,True,exposed
P100-053,Industrial screw driving dataset collection: Time series data for process monitoring and anomaly detection,Industrial manufacturing,measured_or_observed,scenarios/53_manufacturing_screw_friction,reference/cases/P100-053,reference/quality/cases/P100-053.md,implemented by GPT-6 Astra,P100-053.original.v1,P100-053.original.v1;P100-053.round2.v1,comparative_core,True,exposed
P100-054,Data set: Enhanced crack stability in micro scale fracture testing via optimized bridge notches,Fracture mechanics,measured_or_observed,scenarios/54_materials_microfracture,reference/cases/P100-054,reference/quality/cases/P100-054.md,implemented by GPT-6 Astra,P100-054.original.v1,P100-054.original.v1,comparative_core,True,exposed
P100-055,CARBCOMN - Dataset of Early Research Outcomes - Mix Design of 3D-printable Mixes Based on Industrial Slags,Construction materials,measured_or_observed,scenarios/55_materials_slag_printing,reference/cases/P100-055,reference/quality/cases/P100-055.md,implemented by GPT-6 Astra,P100-055.original.v1,P100-055.original.v1;P100-055.continuation.v1,exploratory_limited_scope,True,exposed
P100-056,Experimental data of timber-concrete composite T-beams using adhesively bonded perfobond connections with large spacing,Structural engineering,measured_or_observed,scenarios/56_structures_timber_concrete,reference/cases/P100-056,reference/quality/cases/P100-056.md,implemented by GPT-6 Astra,P100-056.original.v1,P100-056.original.v1,exploratory_limited_scope,True,exposed
P100-057,Rheological Data For Syntactic Foam,Suspension rheology,measured_or_observed,scenarios/57_materials_syntactic_foam,reference/cases/P100-057,reference/quality/cases/P100-057.md,implemented by GPT-6 Astra,P100-057.original.v1,P100-057.original.v1;P100-057.round2.v1;P100-057.round2.v2,comparative_core,True,exposed
P100-058,"Differential scanning calorimetry, gel permeation chromatography and linear rheology measurements of poly(D,L-lactide) (Aldrich 805734)",Polymer physics,measured_or_observed,scenarios/58_polymer_pdlla_rheology,reference/cases/P100-058,reference/quality/cases/P100-058.md,implemented by GPT-6 Astra,P100-058.continuation.v1,P100-058.original.v1;P100-058.continuation.v1;P100-058.supplemental-PLA3D850-loss.v1;P100-058.supplemental-PLA3D850-storage.v1;P100-058.supplemental-PLA_recycled-loss.v1;P100-058.supplemental-PLA_recycled-storage.v1,exploratory_limited_scope,True,exposed
P100-059,Photovoltaic Power Production Dataset,Photovoltaic energy,mixed_measured_and_computational,scenarios/59_energy_portugal_pv,reference/cases/P100-059,reference/quality/cases/P100-059.md,implemented by GPT-6 Astra,P100-059.original.v1,P100-059.original.v1;P100-059.continuation.v1,exploratory_limited_scope,True,exposed
P100-060,"Ultrasonic Pulse Transmission Tests: Datasets in MATLABv6 format - Test Series 3, Reference Tests on Air",Acoustic sensing,measured_or_observed,scenarios/60_acoustics_ultrasonic_transmission,reference/cases/P100-060,reference/quality/cases/P100-060.md,implemented by GPT-6 Astra,P100-060.original.v1,P100-060.original.v1;P100-060.round2.v1;P100-060.round2.v2,comparative_core,True,exposed
P100-061,"DATASET - Results permeation tests double-skin Pd-based membranes, conventional Pd-based membranes and porous membranes",Membrane engineering,measured_or_observed,scenarios/61_chemistry_membrane_permeation,reference/cases/P100-061,reference/quality/cases/P100-061.md,implemented by GPT-6 Astra,P100-061.original.v1,P100-061.original.v1;P100-061.round2.v1;P100-061.round2.v2,exploratory_limited_scope,True,exposed
P100-062,Hydrogen permeation test on MS AHSS grade 1300,Hydrogen embrittlement,measured_or_observed,scenarios/62_materials_steel_hydrogen,reference/cases/P100-062,reference/quality/cases/P100-062.md,implemented by GPT-6 Astra,P100-062.original.v1,P100-062.original.v1,exploratory_limited_scope,True,exposed
P100-063,Magnon shot noise measurements,Spintronics,measured_or_observed,scenarios/63_physics_magnon_noise,reference/cases/P100-063,reference/quality/cases/P100-063.md,implemented by GPT-6 Astra,P100-063.original.v1,P100-063.original.v1,exploratory_limited_scope,True,exposed
P100-064,"Experimental data of manuscript ""Stretchable Light-Emitting Electrochemical Cells Fabricated by Spray-Coating"", Gellner et al.",Flexible optoelectronics,measured_or_observed,scenarios/64_electronics_stretchable_lec,reference/cases/P100-064,reference/quality/cases/P100-064.md,implemented by GPT-6 Astra,P100-064.original.v1,P100-064.original.v1,comparative_core,True,exposed
P100-065,Self-injection-locked laser noise,Photonics,mixed_measured_and_computational,scenarios/65_photonics_laser_noise,reference/cases/P100-065,reference/quality/cases/P100-065.md,implemented by GPT-6 Astra,P100-065.original.v1,P100-065.original.v1,exploratory_limited_scope,True,exposed
P100-066,Replication Data for : Boosting hydrogen storage and release in MOF-5 / graphite hybrids via in situ synthesis,Hydrogen storage,measured_or_observed,scenarios/66_chemistry_mof_hydrogen,reference/cases/P100-066,reference/quality/cases/P100-066.md,implemented by GPT-6 Astra,P100-066.continuation.v1,P100-066.original.v1;P100-066.continuation.v1,exploratory_limited_scope,True,exposed
P100-067,Dataset on settling dynamics of microplastic particles sinking through exopolymer-induced rheological stratification,Environmental fluid mechanics,measured_or_observed,scenarios/67_environment_microplastic_settling,reference/cases/P100-067,reference/quality/cases/P100-067.md,implemented by GPT-6 Astra,P100-067.original.v1,P100-067.original.v1;P100-067.round2.v1,exploratory_limited_scope,True,exposed
P100-068,Sparse identification of nonlinear dynamics applied to the levitation of acoustically large objects,Nonlinear dynamics,measured_or_observed,scenarios/68_physics_acoustic_levitation,reference/cases/P100-068,reference/quality/cases/P100-068.md,implemented by GPT-6 Astra,P100-068.original.v1,P100-068.original.v1,exploratory_limited_scope,True,exposed
P100-069,"Replication Data for: ""Lubricant Temperature Observer for Gearboxes in Industrial Robots""",Robotics thermodynamics,measured_or_observed,scenarios/69_robotics_gearbox_thermal,reference/cases/P100-069,reference/quality/cases/P100-069.md,implemented by GPT-6 Astra,P100-069.continuation.v1,P100-069.original.v1;P100-069.continuation.v1,comparative_core,True,exposed
P100-070,Imaging Localized Slip-induced Frictional Heating during Laboratory Earthquakes Using Magnetic Microscopy,Laboratory geophysics,mixed_measured_and_computational,scenarios/70_geophysics_earthquake_microscopy,reference/cases/P100-070,reference/quality/cases/P100-070.md,implemented by GPT-6 Astra,P100-070.original.v1,P100-070.original.v1,adequacy_falsification_diagnostic,True,exposed
P100-071,"Dataset Based on Chinese Hamster Ovary (CHO) Cultivations including Turbidity, Permittivity, O2 and CO2 Measurements",Bioprocess engineering,measured_or_observed,scenarios/71_biotechnology_cho_cultivations,reference/cases/P100-071,reference/quality/cases/P100-071.md,implemented by GPT-6 Astra,P100-071.original.v1,P100-071.original.v1;P100-071.round2.v1,exploratory_limited_scope,True,exposed
P100-072,dataset of the data obtained for publication: Saccharomyces cerevisiae wine strains show a wide range of competitive abilities and differential nutrient uptake behavior in co-culture with S. kudriavzevii,Food microbiology,measured_or_observed,scenarios/72_biotechnology_yeast_competition,reference/cases/P100-072,reference/quality/cases/P100-072.md,implemented by GPT-6 Astra,P100-072.original.v1,P100-072.original.v1;P100-072.round2.v1;P100-072.round2.v2,exploratory_limited_scope,True,exposed
P100-073,"Dataset for publication ""Impact of algae species from the Baltic Sea region on ruminal fermentation parameters and Methane Mitigation using an in vitro gas production system""",Animal nutrition,measured_or_observed,scenarios/73_agriculture_rumen_fermentation,reference/cases/P100-073,reference/quality/cases/P100-073.md,implemented by GPT-6 Astra,P100-073.original.v1,P100-073.original.v1;P100-073.round2.v1,exploratory_limited_scope,True,exposed
P100-074,"Dataset from ""A triangulenum-based biosensor platform for mapping kinase activity in T cells""",Biochemical sensing,measured_or_observed,scenarios/74_biochemistry_kinase_biosensors,reference/cases/P100-074,reference/quality/cases/P100-074.md,implemented by GPT-6 Astra,P100-074.original.v1,P100-074.original.v1,exploratory_limited_scope,True,exposed
P100-075,Substrate Stiffness and Shear Stress Orchestrate Endothelial Inflammation and Remodelling via Mechanosensitive Pathways,Mechanobiology,measured_or_observed,scenarios/75_biology_endothelial_mechanics,reference/cases/P100-075,reference/quality/cases/P100-075.md,implemented by GPT-6 Astra,P100-075.original.v1,P100-075.original.v1,exploratory_limited_scope,True,exposed
P100-076,"Dataset accompanying the paper ""Environmental stiffness regulates neuronal maturation via Piezo1-mediated TTR activity""",Cellular neuroscience,measured_or_observed,scenarios/76_neuroscience_neuronal_maturation,reference/cases/P100-076,reference/quality/cases/P100-076.md,implemented by GPT-6 Astra,P100-076.original.v1,P100-076.original.v1,comparative_core,True,exposed
P100-077,ONE-STEP tagging: a versatile method for rapid site-specific integration by simultaneous reagent delivery,Genome engineering,measured_or_observed,scenarios/77_genetics_one_step_tagging,reference/cases/P100-077,reference/quality/cases/P100-077.md,implemented by GPT-6 Astra,P100-077.original.v1,P100-077.original.v1,exploratory_limited_scope,True,exposed
P100-078,"Data for study ""A Multicenter Study to Standardize a Mouse Pneumonia Model with Pseudomonas aeruginosa and Klebsiella pneumoniae for Antibiotic Development""",Preclinical reproducibility,measured_or_observed,scenarios/78_medicine_assay_reproducibility,reference/cases/P100-078,reference/quality/cases/P100-078.md,implemented by GPT-6 Astra,P100-078.continuation.v1,P100-078.original.v1;P100-078.continuation.v1,adequacy_falsification_diagnostic,True,exposed
P100-079,Antibiotics Confound Breath-Based Respiratory Disease Detection in Calves - Dataset,Veterinary chemistry,measured_or_observed,scenarios/79_veterinary_calf_breath,reference/cases/P100-079,reference/quality/cases/P100-079.md,implemented by GPT-6 Astra,P100-079.original.v1,P100-079.original.v1,exploratory_limited_scope,True,exposed
P100-080,Wearable device measurements during stress and exercise,Human physiology,measured_or_observed,scenarios/80_physiology_wearable_stress_exercise,reference/cases/P100-080,reference/quality/cases/P100-080.md,implemented by GPT-6 Astra,P100-080.original.v1,P100-080.original.v1,comparative_core,True,exposed
P100-081,Methods to Verify and Account for the Carbon and Soil Health Benefits of Agroforestry - Annex to Deliverable 3.5 ( DigitAF EU Project) : Soil Dataset (Machine readable).,Agroforestry,measured_or_observed,scenarios/81_agroforestry_digitaf_soils,reference/cases/P100-081,reference/quality/cases/P100-081.md,implemented by GPT-6 Astra,P100-081.original.v1,P100-081.original.v1,exploratory_limited_scope,True,exposed
P100-082,Soil respiration dataset for European forest sites evaluating holistic management practices,Forest ecology,measured_or_observed,scenarios/82_ecology_soil_respiration,reference/cases/P100-082,reference/quality/cases/P100-082.md,implemented by GPT-6 Astra,P100-082.original.v1,P100-082.original.v1;P100-082.round2.v1,comparative_core,True,exposed
P100-083,Hive Monitoring (Apis mellifera and Stingless Bees) and Rainfall Data - Federal University of Ceará (UFC) Apiary - Brazil,Animal ecology,measured_or_observed,scenarios/83_ecology_hive_microclimate,reference/cases/P100-083,reference/quality/cases/P100-083.md,implemented by GPT-6 Astra,P100-083.original.v1,P100-083.original.v1;P100-083.round2.v1;P100-083.round2.v2,comparative_core,True,exposed
P100-084,Experimental dataset on Microstructured cellulose acetate biointerfaces regulate mesenchymal stem cell response and promote osteogenic commitment,Surface mechanics,measured_or_observed,scenarios/84_biomaterials_cellulose_afm,reference/cases/P100-084,reference/quality/cases/P100-084.md,implemented by GPT-6 Astra,P100-084.original.v1,P100-084.original.v1,exploratory_limited_scope,True,exposed
P100-085,Acetate co-feeding increases Ethylene Glycol assimilation and Glycolic Acid production in Yarrowia lipolytica,Metabolic biotechnology,measured_or_observed,scenarios/85_biotechnology_yarrowia_cofeeding,reference/cases/P100-085,reference/quality/cases/P100-085.md,implemented by GPT-6 Astra,P100-085.original.v1,P100-085.original.v1,exploratory_limited_scope,True,exposed
P100-086,Erythromycin fermentation process dataset,Industrial fermentation,measured_or_observed,scenarios/86_biotechnology_industrial_fermentation,reference/cases/P100-086,reference/quality/cases/P100-086.md,implemented by GPT-6 Astra,P100-086.original.v1,P100-086.original.v1;P100-086.continuation.v1,exploratory_limited_scope,True,exposed
P100-087,"Dataset and computer code for ""The dynamics of cooperation in asymmetric public goods games""",Experimental economics,measured_or_observed,scenarios/87_economics_public_goods,reference/cases/P100-087,reference/quality/cases/P100-087.md,implemented by GPT-6 Astra,P100-087.original.v1,P100-087.original.v1,comparative_core,True,exposed
P100-088,Release for manuscript submission of Nasioulas et al. 2025,Decision science,measured_or_observed,scenarios/88_psychology_risk_feedback,reference/cases/P100-088,reference/quality/cases/P100-088.md,implemented by GPT-6 Astra,P100-088.original.v1,P100-088.original.v1,comparative_core,True,exposed
P100-089,Dataset : Contextual influences on risk-taking in children and adults,Behavioral science,measured_or_observed,scenarios/89_psychology_age_risk,reference/cases/P100-089,reference/quality/cases/P100-089.md,implemented by GPT-6 Astra,P100-089.original.v1,P100-089.original.v1,comparative_core,True,exposed
P100-090,Individual locomotor bias drives counterclockwise motion in pedestrian crowds,Pedestrian dynamics,measured_or_observed,scenarios/90_transport_crowd_rotation,reference/cases/P100-090,reference/quality/cases/P100-090.md,implemented by GPT-6 Astra,P100-090.original.v1,P100-090.original.v1,comparative_core,True,exposed
P100-091,"Measurement dataset and analysis code for ""Measurement-Driven Modeling of End-to-End Latency in an Indoor Private Standalone 5G Network""",Private 5G networking,measured_or_observed,scenarios/91_communications_private_5g,reference/cases/P100-091,reference/quality/cases/P100-091.md,implemented by GPT-6 Astra,P100-091.original.v1,P100-091.original.v1,exploratory_limited_scope,True,exposed
P100-092,Bluetooth Low Energy Separate Channel Fingerprinting dataset with Frequency-Scanned Antennas and Monopole,Wireless sensing,measured_or_observed,scenarios/92_communications_ble_antennas,reference/cases/P100-092,reference/quality/cases/P100-092.md,implemented by GPT-6 Astra,P100-092.original.v1,P100-092.original.v1;P100-092.round2.v1;P100-092.round2.v2,exploratory_limited_scope,True,exposed
P100-093,"Flow cytometry FCS files: Cell surface VVL staining of MFSD5, SLC30A8 and SLC30A8-D110N-D224N OE cells",Membrane transporter biology,measured_or_observed,scenarios/93_biology_solute_carrier_facs,reference/cases/P100-093,reference/quality/cases/P100-093.md,implemented by GPT-6 Astra,P100-093.original.v1,P100-093.original.v1,exploratory_limited_scope,True,exposed
P100-094,"Conductivity Temperature Depth (CTD) Data from Canada-Sweden Arctic Ocean 2025 Expedition on IB Oden, 9 August - 19 September 2025",Physical oceanography,measured_or_observed,scenarios/94_oceanography_arctic_ctd,reference/cases/P100-094,reference/quality/cases/P100-094.md,implemented by GPT-6 Astra,P100-094.original.v1,P100-094.original.v1,exploratory_limited_scope,True,exposed
P100-095,"Observational data and model output to ""SNOWstorm (v1.0) - a deep-learning based model for near-surface winds and drifting snow in mountain environments""",Atmospheric boundary layer,measured_or_observed,scenarios/95_atmosphere_mountain_weather,reference/cases/P100-095,reference/quality/cases/P100-095.md,implemented by GPT-6 Astra,P100-095.original.v1,P100-095.original.v1,exploratory_limited_scope,True,exposed
P100-096,BikeZ-ETH - A Mass-Cycling Trajectory Dataset from a Controlled Experiment,Cycling dynamics,measured_or_observed,scenarios/96_transport_bikez,reference/cases/P100-096,reference/quality/cases/P100-096.md,implemented by GPT-6 Astra,P100-096.original.v1,P100-096.original.v1,exploratory_limited_scope,True,exposed
P100-097,Data of the crowd movement experiment.,Crowd biomechanics,measured_or_observed,scenarios/97_transport_pedestrian_feet,reference/cases/P100-097,reference/quality/cases/P100-097.md,implemented by GPT-6 Astra,P100-097.original.v1,P100-097.original.v1,exploratory_limited_scope,True,exposed
P100-098,Dataset of Kantorovich-Rubinstein-Wasserstein Polytopes of Metric Spaces on up to 6 Points,Combinatorial mathematics,computational_experiment,scenarios/98_mathematics_krw_polytopes,reference/cases/P100-098,reference/quality/cases/P100-098.md,implemented by GPT-6 Astra,P100-098.original.v1,P100-098.original.v1,adequacy_falsification_diagnostic,True,exposed
P100-099,Mouse hippocampal calcium imaging during a context fear memory retrieval task,Hippocampal neuroscience,measured_or_observed,scenarios/99_neuroscience_hippocampal_calcium,reference/cases/P100-099,reference/quality/cases/P100-099.md,implemented by GPT-6 Astra,P100-099.original.v1,P100-099.original.v1,exploratory_limited_scope,True,exposed
P100-100,6G-MOBKPI results: Network-layer and radio-related measurements from mobility experiments on the 6G-SANDBOX Málaga platform,Mobile communications,measured_or_observed,scenarios/100_communications_6g_mobkpi,reference/cases/P100-100,reference/quality/cases/P100-100.md,implemented by GPT-6 Astra,P100-100.original.v1,P100-100.original.v1;P100-100.round2.v1;P100-100.round2.v2,exploratory_limited_scope,True,exposed
