native_anchor,group,diameter,reported_MIP_objective,objective_tight,max_degree,degree_limit,classical_Moore_lower_bound,optimality_certified_by_counting
44_mathematics_qoblib_topology/raw/10-topology/submissions/20241206_MIP-Flow_Schicker/topology_15_3/topology_15_3_solution.gph,topology_15_3,3,3.0,True,3,3,3,True
44_mathematics_qoblib_topology/raw/10-topology/submissions/20241206_MIP-Flow_Schicker/topology_15_4/topology_15_4_solution.gph,topology_15_4,2,2.0,True,4,4,2,True
44_mathematics_qoblib_topology/raw/10-topology/submissions/20241206_MIP-Flow_Schicker/topology_20_3/topology_20_3_solution.gph,topology_20_3,3,3.0,True,3,3,3,True
44_mathematics_qoblib_topology/raw/10-topology/submissions/20241206_MIP-Flow_Schicker/topology_20_4/topology_20_4_solution.gph,topology_20_4,3,3.0,True,4,4,3,True
44_mathematics_qoblib_topology/raw/10-topology/submissions/20241206_MIP-Flow_Schicker/topology_20_5/topology_20_5_solution.gph,topology_20_5,2,2.0,True,5,5,2,True
44_mathematics_qoblib_topology/raw/10-topology/submissions/20241206_MIP-Flow_Schicker/topology_25_3/topology_25_3_solution.gph,topology_25_3,4,4.0,True,3,3,4,True
44_mathematics_qoblib_topology/raw/10-topology/submissions/20241206_MIP-Flow_Schicker/topology_25_4/topology_25_4_solution.gph,topology_25_4,5,5.0,True,4,4,3,False
44_mathematics_qoblib_topology/raw/10-topology/submissions/20241206_MIP-Flow_Schicker/topology_25_5/topology_25_5_solution.gph,topology_25_5,3,3.0,True,5,5,2,False
44_mathematics_qoblib_topology/raw/10-topology/submissions/20241206_MIP-Flow_Schicker/topology_25_6/topology_25_6_solution.gph,topology_25_6,2,2.0,True,6,6,2,True
44_mathematics_qoblib_topology/raw/10-topology/submissions/20241206_MIP-Flow_Schicker/topology_30_4/topology_30_4_solution.gph,topology_30_4,5,5.0,True,4,4,3,False
44_mathematics_qoblib_topology/raw/10-topology/submissions/20241206_MIP-Flow_Schicker/topology_30_5/topology_30_5_solution.gph,topology_30_5,5,5.0,True,5,5,3,False
44_mathematics_qoblib_topology/raw/10-topology/submissions/20241206_MIP-Flow_Schicker/topology_30_6/topology_30_6_solution.gph,topology_30_6,4,4.0,True,6,6,2,False
44_mathematics_qoblib_topology/raw/10-topology/submissions/20241206_MIP-Flow_Schicker/topology_35_5/topology_35_5_solution.gph,topology_35_5,5,5.0,True,5,5,3,False
44_mathematics_qoblib_topology/raw/10-topology/submissions/20241206_MIP-Flow_Schicker/topology_35_6/topology_35_6_solution.gph,topology_35_6,4,4.0,True,6,6,2,False
44_mathematics_qoblib_topology/raw/10-topology/submissions/20241206_MIP-Flow_Schicker/topology_40_6/topology_40_6_solution.gph,topology_40_6,5,5.0,True,6,6,3,False
44_mathematics_qoblib_topology/raw/10-topology/submissions/20241206_MIP-Flow_Schicker/topology_50_4/topology_50_4_solution.gph,topology_50_4,6,6.0,True,4,4,3,False
44_mathematics_qoblib_topology/raw/10-topology/submissions/20241206_MIP-Seidel-Linear_Schicker/topology_15_3/topology_15_3_solution.gph,topology_15_3,3,3.0,True,3,3,3,True
44_mathematics_qoblib_topology/raw/10-topology/submissions/20241206_MIP-Seidel-Linear_Schicker/topology_15_4/topology_15_4_solution.gph,topology_15_4,2,2.0,True,4,4,2,True
44_mathematics_qoblib_topology/raw/10-topology/submissions/20241206_MIP-Seidel-Linear_Schicker/topology_20_3/topology_20_3_solution.gph,topology_20_3,3,3.0,True,3,3,3,True
44_mathematics_qoblib_topology/raw/10-topology/submissions/20241206_MIP-Seidel-Linear_Schicker/topology_20_4/topology_20_4_solution.gph,topology_20_4,3,3.0,True,4,4,3,True
44_mathematics_qoblib_topology/raw/10-topology/submissions/20241206_MIP-Seidel-Linear_Schicker/topology_20_5/topology_20_5_solution.gph,topology_20_5,2,2.0,True,5,5,2,True
44_mathematics_qoblib_topology/raw/10-topology/submissions/20241206_MIP-Seidel-Linear_Schicker/topology_25_3/topology_25_3_solution.gph,topology_25_3,4,4.0,True,3,3,4,True
44_mathematics_qoblib_topology/raw/10-topology/submissions/20241206_MIP-Seidel-Linear_Schicker/topology_25_4/topology_25_4_solution.gph,topology_25_4,3,3.0,True,4,4,3,True
44_mathematics_qoblib_topology/raw/10-topology/submissions/20241206_MIP-Seidel-Linear_Schicker/topology_25_5/topology_25_5_solution.gph,topology_25_5,3,3.0,True,5,5,2,False
44_mathematics_qoblib_topology/raw/10-topology/submissions/20241206_MIP-Seidel-Linear_Schicker/topology_25_6/topology_25_6_solution.gph,topology_25_6,2,2.0,True,6,6,2,True
44_mathematics_qoblib_topology/raw/10-topology/submissions/20241206_MIP-Seidel-Linear_Schicker/topology_30_4/topology_30_4_solution.gph,topology_30_4,3,3.0,True,4,4,3,True
44_mathematics_qoblib_topology/raw/10-topology/submissions/20241206_MIP-Seidel-Linear_Schicker/topology_30_5/topology_30_5_solution.gph,topology_30_5,3,3.0,True,5,5,3,True
44_mathematics_qoblib_topology/raw/10-topology/submissions/20241206_MIP-Seidel-Linear_Schicker/topology_30_6/topology_30_6_solution.gph,topology_30_6,3,3.0,True,6,6,2,False
44_mathematics_qoblib_topology/raw/10-topology/submissions/20241206_MIP-Seidel-Linear_Schicker/topology_35_5/topology_35_5_solution.gph,topology_35_5,4,4.0,True,5,5,3,False
44_mathematics_qoblib_topology/raw/10-topology/submissions/20241206_MIP-Seidel-Linear_Schicker/topology_35_6/topology_35_6_solution.gph,topology_35_6,3,3.0,True,6,6,2,False
44_mathematics_qoblib_topology/raw/10-topology/submissions/20241206_MIP-Seidel-Linear_Schicker/topology_40_6/topology_40_6_solution.gph,topology_40_6,3,12.0,False,6,6,3,True
44_mathematics_qoblib_topology/raw/10-topology/submissions/20241206_MIP-Seidel-Quadratic_Schicker/topology_15_3/topology_15_3_solution.gph,topology_15_3,3,3.0,True,3,3,3,True
44_mathematics_qoblib_topology/raw/10-topology/submissions/20241206_MIP-Seidel-Quadratic_Schicker/topology_15_4/topology_15_4_solution.gph,topology_15_4,2,2.0,True,4,4,2,True
44_mathematics_qoblib_topology/raw/10-topology/submissions/20241206_MIP-Seidel-Quadratic_Schicker/topology_20_3/topology_20_3_solution.gph,topology_20_3,3,3.0,True,3,3,3,True
44_mathematics_qoblib_topology/raw/10-topology/submissions/20241206_MIP-Seidel-Quadratic_Schicker/topology_20_4/topology_20_4_solution.gph,topology_20_4,3,3.0,True,4,4,3,True
44_mathematics_qoblib_topology/raw/10-topology/submissions/20241206_MIP-Seidel-Quadratic_Schicker/topology_20_5/topology_20_5_solution.gph,topology_20_5,2,2.0,True,5,5,2,True
44_mathematics_qoblib_topology/raw/10-topology/submissions/20241206_MIP-Seidel-Quadratic_Schicker/topology_25_3/topology_25_3_solution.gph,topology_25_3,4,4.0,True,3,3,4,True
44_mathematics_qoblib_topology/raw/10-topology/submissions/20241206_MIP-Seidel-Quadratic_Schicker/topology_25_4/topology_25_4_solution.gph,topology_25_4,3,3.0,True,4,4,3,True
44_mathematics_qoblib_topology/raw/10-topology/submissions/20241206_MIP-Seidel-Quadratic_Schicker/topology_25_5/topology_25_5_solution.gph,topology_25_5,3,3.0,True,5,5,2,False
44_mathematics_qoblib_topology/raw/10-topology/submissions/20241206_MIP-Seidel-Quadratic_Schicker/topology_25_6/topology_25_6_solution.gph,topology_25_6,2,2.0,True,6,6,2,True
44_mathematics_qoblib_topology/raw/10-topology/submissions/20241206_MIP-Seidel-Quadratic_Schicker/topology_30_4/topology_30_4_solution.gph,topology_30_4,4,4.0,True,4,4,3,False
44_mathematics_qoblib_topology/raw/10-topology/submissions/20241206_MIP-Seidel-Quadratic_Schicker/topology_30_5/topology_30_5_solution.gph,topology_30_5,3,3.0,True,5,5,3,True
44_mathematics_qoblib_topology/raw/10-topology/submissions/20241206_MIP-Seidel-Quadratic_Schicker/topology_30_6/topology_30_6_solution.gph,topology_30_6,3,3.0,True,6,6,2,False
44_mathematics_qoblib_topology/raw/10-topology/submissions/20241206_MIP-Seidel-Quadratic_Schicker/topology_35_5/topology_35_5_solution.gph,topology_35_5,4,4.0,True,5,5,3,False
44_mathematics_qoblib_topology/raw/10-topology/submissions/20241206_MIP-Seidel-Quadratic_Schicker/topology_35_6/topology_35_6_solution.gph,topology_35_6,3,3.0,True,6,6,2,False
44_mathematics_qoblib_topology/raw/10-topology/submissions/20241206_MIP-Seidel-Quadratic_Schicker/topology_40_6/topology_40_6_solution.gph,topology_40_6,4,5.0,False,6,6,3,False
44_mathematics_qoblib_topology/raw/10-topology/submissions/20241206_MIP-Seidel-Quadratic_Schicker/topology_50_4/topology_50_4_solution.gph,topology_50_4,5,5.0,True,4,4,3,False
